STATION,DATE,AWND,EVAP,ADPT
USC00136910,2018-05-01,72,89,NA
USC00136910,2018-05-02,36,10,NA
USC00136910,2018-05-03,0,89,NA
USC00136910,2018-05-04,36,48,NA
USC00136910,2018-05-05,4,107,NA
USC00136910,2018-05-06,4,91,NA
USC00136910,2018-05-07,0,66,NA
USC00136910,2018-05-08,40,71,NA
USC00136910,2018-05-09,31,41,NA
USC00136910,2018-05-10,4,97,NA
USC00136910,2018-05-11,18,84,NA
USC00136910,2018-05-12,40,38,NA
USC00136910,2018-05-13,18,46,NA
USC00136910,2018-05-14,40,18,NA
USC00136910,2018-05-15,22,23,NA
USC00136910,2018-05-16,18,38,NA
USC00136910,2018-05-17,13,36,NA
USC00136910,2018-05-18,22,84,NA
USC00136910,2018-05-19,0,36,NA
USC00136910,2018-05-20,18,38,NA
USC00136910,2018-05-21,4,20,NA
USC00136910,2018-05-22,0,30,NA
USC00136910,2018-05-24,18,58,NA
USC00136910,2018-05-25,72,66,NA
USC00136910,2018-05-27,27,51,NA
USC00136910,2018-05-28,4,61,NA
USC00136910,2018-05-30,4,36,NA
USC00136910,2018-05-31,40,71,NA
USC00136910,2018-06-01,9,71,NA
USC00136910,2018-06-02,49,79,NA
USC00136910,2018-06-03,18,61,NA
USC00136910,2018-06-04,0,97,NA
USC00136910,2018-06-05,13,74,NA
USC00136910,2018-06-06,0,38,NA
USC00136910,2018-06-07,0,102,NA
USC00136910,2018-06-08,9,46,NA
USC00136910,2018-06-09,13,51,NA
USC00136910,2018-06-10,27,76,NA
USC00136910,2018-06-11,13,46,NA
USC00136910,2018-06-12,13,79,NA
USC00136910,2018-06-13,40,61,NA
USC00136910,2018-06-15,27,46,NA
USC00136910,2018-06-16,36,76,NA
USC00136910,2018-06-17,22,79,NA
USC00136910,2018-06-18,31,76,NA
USC00136910,2018-06-19,4,74,NA
USC00136910,2018-06-20,22,132,NA
USC00136910,2018-06-21,13,48,NA
USC00136910,2018-06-22,45,8,NA
USC00136910,2018-06-23,4,38,NA
USC00136910,2018-06-24,18,15,NA
USC00136910,2018-06-25,18,53,NA
USC00136910,2018-06-26,18,25,NA
USC00136910,2018-06-27,9,36,NA
USC00136910,2018-06-28,18,58,NA
USC00136910,2018-06-29,27,8,NA
USC00136910,2018-06-30,31,102,NA
USC00136910,2018-07-01,40,107,NA
USC00136910,2018-07-02,4,61,NA
USC00136910,2018-07-03,27,69,NA
USC00136910,2018-07-04,0,51,NA
USC00136910,2018-07-05,4,74,NA
USC00136910,2018-07-06,22,69,NA
USC00136910,2018-07-07,9,71,NA
USC00136910,2018-07-08,0,56,NA
USC00136910,2018-07-09,13,76,NA
USC00136910,2018-07-10,4,69,NA
USC00136910,2018-07-11,27,69,NA
USC00136910,2018-07-12,18,74,NA
USC00136910,2018-07-13,22,76,NA
USC00136910,2018-07-14,0,208,NA
USC00136910,2018-07-15,0,43,NA
USC00136910,2018-07-16,18,61,NA
USC00136910,2018-07-17,0,58,NA
USC00136910,2018-07-18,13,61,NA
USC00136910,2018-07-19,9,69,NA
USC00136910,2018-07-20,49,56,NA
USC00136910,2018-07-21,18,71,NA
USC00136910,2018-07-22,27,66,NA
USC00136910,2018-07-23,18,33,NA
USC00136910,2018-07-24,31,58,NA
USC00136910,2018-07-25,9,71,NA
USC00136910,2018-07-26,13,38,NA
USC00136910,2018-07-27,4,66,NA
USC00136910,2018-07-28,0,58,NA
USC00136910,2018-07-29,0,249,NA
USC00136910,2018-07-30,0,79,NA
USC00136910,2018-07-31,9,43,NA
USC00136910,2018-08-01,0,48,NA
USC00136910,2018-08-02,13,71,NA
USC00136910,2018-08-03,22,48,NA
USC00136910,2018-08-04,22,71,NA
USC00136910,2018-08-05,40,79,NA
USC00136910,2018-08-06,67,84,NA
USC00136910,2018-08-07,0,NA,NA
USC00136910,2018-08-08,0,48,NA
USC00136910,2018-08-09,0,69,NA
USC00136910,2018-08-10,4,84,NA
USC00136910,2018-08-11,4,76,NA
USC00136910,2018-08-12,4,58,NA
USC00136910,2018-08-13,4,56,NA
USC00136910,2018-08-14,4,76,NA
USC00136910,2018-08-15,0,5,NA
USC00136910,2018-08-17,36,43,NA
USC00136910,2018-08-18,9,43,NA
USC00136910,2018-08-19,4,64,NA
USC00136910,2018-08-20,18,64,NA
USC00136910,2018-08-21,36,20,NA
USC00136910,2018-08-22,22,51,NA
USC00136910,2018-08-23,0,51,NA
USC00136910,2018-08-24,49,109,NA
USC00136910,2018-08-25,9,18,NA
USC00136910,2018-08-26,27,71,NA
USC00136910,2018-08-27,36,36,NA
USC00136910,2018-08-28,58,58,NA
USC00136910,2018-08-29,40,64,NA
USC00136910,2018-08-30,13,48,NA
USC00136910,2018-08-31,0,13,NA
USC00136910,2018-09-01,22,48,NA
USC00136910,2018-09-02,18,74,NA
USC00136910,2018-09-03,4,10,NA
USC00136910,2018-09-04,9,58,NA
USC00136910,2018-09-05,27,46,NA
USC00136910,2018-09-06,54,69,NA
USC00136910,2018-09-08,54,53,NA
USC00136910,2018-09-09,13,66,NA
USC00136910,2018-09-10,4,38,NA
USC00136910,2018-09-12,4,43,NA
USC00136910,2018-09-13,4,20,NA
USC00136910,2018-09-14,9,36,NA
USC00136910,2018-09-15,4,28,NA
USC00136910,2018-09-16,0,46,NA
USC00136910,2018-09-17,13,38,NA
USC00136910,2018-09-18,4,48,NA
USC00136910,2018-09-19,18,43,NA
USC00136910,2018-09-20,27,41,NA
USC00136910,2018-09-21,40,61,NA
USC00136910,2018-09-22,31,56,NA
USC00136910,2018-09-23,9,46,NA
USC00136910,2018-09-24,4,38,NA
USC00136910,2018-09-25,9,20,NA
USC00136910,2018-09-26,58,33,NA
USC00136910,2018-09-27,0,38,NA
USC00136910,2018-09-28,22,38,NA
USC00136910,2018-09-29,0,23,NA
USC00136910,2018-09-30,18,8,NA
USC00136910,2018-10-01,4,25,NA
USC00136910,2018-10-02,4,0,NA
USC00136910,2018-10-03,27,36,NA
USC00136910,2018-10-04,58,0,NA
USC00136910,2018-10-09,13,0,NA
USC00136910,2018-10-10,27,33,NA
USC00136910,2018-10-11,45,46,NA
USC00136910,2018-10-12,4,33,NA
USC00136910,2018-10-15,45,33,NA
USC00136910,2018-10-16,49,NA,NA
USC00136910,2018-10-17,9,0,NA
USC00136910,2018-10-18,22,0,NA
USC00136910,2018-10-19,36,0,NA
USC00136910,2018-10-22,13,NA,NA
USC00136910,2018-10-23,27,0,NA
USC00136910,2018-10-25,4,NA,NA
USC00136910,2018-10-26,13,NA,NA
USC00136910,2018-10-29,22,0,NA
USC00136910,2018-10-30,13,0,NA
USC00136910,2018-10-24,NA,0,NA
USC00136910,2018-10-31,NA,0,NA
USC00136910,2019-05-01,13,25,NA
USC00136910,2019-05-02,63,38,NA
USC00136910,2019-05-03,13,48,NA
USC00136910,2019-05-04,0,3,NA
USC00136910,2019-05-05,31,56,NA
USC00136910,2019-05-06,9,53,NA
USC00136910,2019-05-07,58,58,NA
USC00136910,2019-05-08,54,25,NA
USC00136910,2019-05-09,49,56,NA
USC00136910,2019-05-10,4,5,NA
USC00136910,2019-05-11,0,33,NA
USC00136910,2019-05-12,9,28,NA
USC00136910,2019-05-13,13,13,NA
USC00136910,2019-05-14,9,38,NA
USC00136910,2019-05-15,13,30,NA
USC00136910,2019-05-16,76,38,NA
USC00136910,2019-05-17,18,102,NA
USC00136910,2019-05-18,36,64,NA
USC00136910,2019-05-19,49,124,NA
USC00136910,2019-05-20,27,30,NA
USC00136910,2019-05-21,54,61,NA
USC00136910,2019-05-22,49,61,NA
USC00136910,2019-05-23,18,76,NA
USC00136910,2019-05-24,36,56,NA
USC00136910,2019-05-25,49,41,NA
USC00136910,2019-05-26,18,178,NA
USC00136910,2019-05-27,67,28,NA
USC00136910,2019-05-28,18,25,NA
USC00136910,2019-05-29,54,0,NA
USC00136910,2019-05-30,31,58,NA
USC00136910,2019-05-31,0,18,NA
USC00136910,2019-06-03,22,56,NA
USC00136910,2019-06-04,18,33,NA
USC00136910,2019-06-05,22,38,NA
USC00136910,2019-06-06,0,43,NA
USC00136910,2019-06-07,13,43,NA
USC00136910,2019-06-08,13,81,NA
USC00136910,2019-06-09,0,61,NA
USC00136910,2019-06-10,22,NA,NA
USC00136910,2019-06-11,13,76,NA
USC00136910,2019-06-12,36,71,NA
USC00136910,2019-06-13,49,64,NA
USC00136910,2019-06-14,54,58,NA
USC00136910,2019-06-15,45,3,NA
USC00136910,2019-06-16,0,71,NA
USC00136910,2019-06-17,13,76,NA
USC00136910,2019-06-18,0,36,NA
USC00136910,2019-06-19,45,48,NA
USC00136910,2019-06-20,27,8,NA
USC00136910,2019-06-21,31,48,NA
USC00136910,2019-06-24,63,61,NA
USC00136910,2019-06-25,36,66,NA
USC00136910,2019-06-26,0,94,NA
USC00136910,2019-06-27,22,48,NA
USC00136910,2019-06-28,27,33,NA
USC00136910,2019-06-29,31,36,NA
USC00136910,2019-06-30,4,53,NA
USC00136910,2019-07-01,9,74,NA
USC00136910,2019-07-02,31,76,NA
USC00136910,2019-07-03,0,58,NA
USC00136910,2019-07-04,9,234,NA
USC00136910,2019-07-05,9,58,NA
USC00136910,2019-07-06,58,61,NA
USC00136910,2019-07-07,36,41,NA
USC00136910,2019-07-08,4,53,NA
USC00136910,2019-07-09,22,53,NA
USC00136910,2019-07-10,4,64,NA
USC00136910,2019-07-11,45,71,NA
USC00136910,2019-07-12,0,43,NA
USC00136910,2019-07-15,36,61,NA
USC00136910,2019-07-16,13,66,NA
USC00136910,2019-07-17,27,38,NA
USC00136910,2019-07-18,27,173,NA
USC00136910,2019-07-19,31,86,NA
USC00136910,2019-07-21,18,124,NA
USC00136910,2019-07-22,22,28,NA
USC00136910,2019-07-23,18,53,NA
USC00136910,2019-07-24,9,43,NA
USC00136910,2019-07-25,4,46,NA
USC00136910,2019-07-26,22,30,NA
USC00136910,2019-07-27,45,74,NA
USC00136910,2019-07-28,31,43,NA
USC00136910,2019-07-29,13,58,NA
USC00136910,2019-07-30,18,33,NA
USC00136910,2019-07-31,0,66,NA
USC00136910,2019-08-01,13,3,NA
USC00136910,2019-08-02,4,33,NA
USC00136910,2019-08-03,13,51,NA
USC00136910,2019-08-04,4,0,NA
USC00136910,2019-08-05,18,28,NA
USC00136910,2019-08-06,13,84,NA
USC00136910,2019-08-07,4,43,NA
USC00136910,2019-08-08,13,81,NA
USC00136910,2019-08-09,4,25,NA
USC00136910,2019-08-10,22,86,NA
USC00136910,2019-08-11,18,33,NA
USC00136910,2019-08-12,49,53,NA
USC00136910,2019-08-13,18,30,NA
USC00136910,2019-08-14,36,69,NA
USC00136910,2019-08-15,9,51,NA
USC00136910,2019-08-16,0,20,NA
USC00136910,2019-08-17,4,41,NA
USC00136910,2019-08-18,4,64,NA
USC00136910,2019-08-19,13,43,NA
USC00136910,2019-08-20,94,38,NA
USC00136910,2019-08-21,0,160,NA
USC00136910,2019-08-22,13,157,NA
USC00136910,2019-08-23,31,46,NA
USC00136910,2019-08-24,13,56,NA
USC00136910,2019-08-25,18,36,NA
USC00136910,2019-08-26,18,8,NA
USC00136910,2019-08-27,36,18,NA
USC00136910,2019-08-28,9,71,NA
USC00136910,2019-08-29,45,56,NA
USC00136910,2019-08-30,36,89,NA
USC00136910,2019-08-31,22,51,NA
USC00136910,2019-09-01,18,8,NA
USC00136910,2019-09-02,0,18,NA
USC00136910,2019-09-03,67,36,NA
USC00136910,2019-09-04,18,58,NA
USC00136910,2019-09-05,13,36,NA
USC00136910,2019-09-06,22,38,NA
USC00136910,2019-09-07,0,48,NA
USC00136910,2019-09-08,13,124,NA
USC00136910,2019-09-09,27,3,NA
USC00136910,2019-09-10,45,36,NA
USC00136910,2019-09-11,31,15,NA
USC00136910,2019-09-12,27,61,NA
USC00136910,2019-09-13,31,66,NA
USC00136910,2019-09-14,13,43,NA
USC00136910,2019-09-15,18,48,NA
USC00136910,2019-09-18,13,41,NA
USC00136910,2019-09-19,18,43,NA
USC00136910,2019-09-20,13,23,NA
USC00136910,2019-09-21,36,38,NA
USC00136910,2019-09-22,27,NA,NA
USC00136910,2019-09-23,18,30,NA
USC00136910,2019-09-24,18,25,NA
USC00136910,2019-09-26,9,61,NA
USC00136910,2019-09-27,18,46,NA
USC00136910,2019-09-28,36,71,NA
USC00136910,2019-09-29,4,56,NA
USC00136910,2019-09-30,49,33,NA
USC00136910,2019-10-01,36,38,NA
USC00136910,2019-10-02,13,38,NA
USC00136910,2019-10-03,40,25,NA
USC00136910,2019-10-04,22,15,NA
USC00136910,2019-10-07,9,48,NA
USC00136910,2019-10-08,9,53,NA
USC00136910,2019-10-09,0,46,NA
USC00136910,2019-10-10,22,0,NA
USC00136910,2019-10-11,45,0,NA
USC00136910,2019-10-15,45,0,NA
USC00136910,2019-10-16,36,0,NA
USC00136910,2019-10-17,9,NA,NA
USC00136910,2019-10-18,22,0,NA
USC00136910,2019-10-21,36,0,NA
USC00136910,2019-10-22,76,0,NA
USC00136910,2019-10-23,31,NA,NA
USC00136910,2019-10-24,45,0,NA
USC00136910,2019-10-25,4,0,NA
USC00136910,2019-10-28,22,0,NA
USC00136910,2019-10-29,18,0,NA
USC00136910,2019-10-30,40,0,NA
USC00136910,2019-10-31,40,0,NA
USC00136910,2020-05-01,18,69,NA
USC00136910,2020-05-03,0,18,NA
USC00136910,2020-05-04,9,36,NA
USC00136910,2020-05-05,0,13,NA
USC00136910,2020-05-06,0,0,NA
USC00136910,2020-05-07,18,43,NA
USC00136910,2020-05-08,40,0,NA
USC00136910,2020-05-11,45,36,NA
USC00136910,2020-05-12,9,66,NA
USC00136910,2020-05-13,9,30,NA
USC00136910,2020-05-14,40,0,NA
USC00136910,2020-05-15,49,30,NA
USC00136910,2020-05-16,18,74,NA
USC00136910,2020-05-17,80,51,NA
USC00136910,2020-05-18,49,28,NA
USC00136910,2020-05-19,36,36,NA
USC00136910,2020-05-20,36,0,NA
USC00136910,2020-05-21,0,18,NA
USC00136910,2020-05-22,22,25,NA
USC00136910,2020-05-23,18,15,NA
USC00136910,2020-05-24,13,36,NA
USC00136910,2020-05-25,9,51,NA
USC00136910,2020-05-26,18,23,NA
USC00136910,2020-05-27,0,61,NA
USC00136910,2020-05-28,13,20,NA
USC00136910,2020-05-29,49,64,NA
USC00136910,2020-05-30,9,56,NA
USC00136910,2020-05-31,0,38,NA
USC00136910,2020-06-01,49,43,NA
USC00136910,2020-06-02,54,53,NA
USC00136910,2020-06-03,22,58,NA
USC00136910,2020-06-04,0,48,NA
USC00136910,2020-06-05,13,76,NA
USC00136910,2020-06-06,13,71,NA
USC00136910,2020-06-07,58,64,NA
USC00136910,2020-06-08,36,76,NA
USC00136910,2020-06-09,27,76,NA
USC00136910,2020-06-10,18,38,NA
USC00136910,2020-06-11,13,58,NA
USC00136910,2020-06-12,4,76,NA
USC00136910,2020-06-13,27,71,NA
USC00136910,2020-06-14,36,79,NA
USC00136910,2020-06-15,22,71,NA
USC00136910,2020-06-16,45,66,NA
USC00136910,2020-06-17,27,66,NA
USC00136910,2020-06-18,49,61,NA
USC00136910,2020-06-19,9,41,NA
USC00136910,2020-06-20,13,0,NA
USC00136910,2020-06-21,13,46,NA
USC00136910,2020-06-22,22,76,NA
USC00136910,2020-06-23,40,23,NA
USC00136910,2020-06-24,31,61,NA
USC00136910,2020-06-25,4,53,NA
USC00136910,2020-06-26,49,71,NA
USC00136910,2020-06-27,9,56,NA
USC00136910,2020-06-28,9,53,NA
USC00136910,2020-06-29,45,58,NA
USC00136910,2020-06-30,4,46,NA
USC00136910,2020-07-01,18,33,NA
USC00136910,2020-07-02,4,30,NA
USC00136910,2020-07-03,9,48,NA
USC00136910,2020-07-04,4,51,NA
USC00136910,2020-07-05,4,51,NA
USC00136910,2020-07-06,4,66,NA
USC00136910,2020-07-07,4,48,NA
USC00136910,2020-07-08,4,66,NA
USC00136910,2020-07-09,31,66,NA
USC00136910,2020-07-10,4,64,NA
USC00136910,2020-07-11,13,56,NA
USC00136910,2020-07-12,45,89,NA
USC00136910,2020-07-13,13,66,NA
USC00136910,2020-07-14,27,64,NA
USC00136910,2020-07-15,9,86,NA
USC00136910,2020-07-16,0,10,NA
USC00136910,2020-07-17,9,46,NA
USC00136910,2020-07-18,58,58,NA
USC00136910,2020-07-19,36,5,NA
USC00136910,2020-07-20,4,48,NA
USC00136910,2020-07-21,4,23,NA
USC00136910,2020-07-22,22,41,NA
USC00136910,2020-07-23,4,38,NA
USC00136910,2020-07-24,31,56,NA
USC00136910,2020-07-25,27,30,NA
USC00136910,2020-07-26,40,64,NA
USC00136910,2020-07-27,4,58,NA
USC00136910,2020-07-29,4,76,NA
USC00136910,2020-07-30,9,38,NA
USC00136910,2020-07-31,13,5,NA
USC00136910,2020-08-01,18,38,NA
USC00136910,2020-08-02,0,61,NA
USC00136910,2020-08-03,13,15,NA
USC00136910,2020-08-04,4,86,NA
USC00136910,2020-08-05,0,61,NA
USC00136910,2020-08-06,9,28,NA
USC00136910,2020-08-07,9,30,NA
USC00136910,2020-08-08,45,20,NA
USC00136910,2020-08-09,40,48,NA
USC00136910,2020-08-10,31,64,NA
USC00136910,2020-08-11,13,15,NA
USC00136910,2020-08-12,18,56,NA
USC00136910,2020-08-13,13,43,NA
USC00136910,2020-08-14,0,43,NA
USC00136910,2020-08-15,58,61,NA
USC00136910,2020-08-16,0,66,NA
USC00136910,2020-08-17,36,76,NA
USC00136910,2020-08-18,27,48,NA
USC00136910,2020-08-19,4,58,NA
USC00136910,2020-08-20,18,46,NA
USC00136910,2020-08-21,4,51,NA
USC00136910,2020-08-22,0,64,NA
USC00136910,2020-08-23,27,51,NA
USC00136910,2020-08-24,27,58,NA
USC00136910,2020-08-25,0,71,NA
USC00136910,2020-08-26,27,79,NA
USC00136910,2020-08-27,18,58,NA
USC00136910,2020-08-28,18,64,NA
USC00136910,2020-08-29,45,51,NA
USC00136910,2020-08-30,0,51,NA
USC00136910,2020-08-31,13,58,NA
USC00136910,2020-09-02,4,20,NA
USC00136910,2020-09-03,58,46,NA
USC00136910,2020-09-04,9,74,NA
USC00136910,2020-09-05,0,64,NA
USC00136910,2020-09-08,49,147,NA
USC00136910,2020-09-09,27,20,NA
USC00136910,2020-09-10,40,41,NA
USC00136910,2020-09-11,9,58,NA
USC00136910,2020-09-12,13,8,NA
USC00136910,2020-09-13,4,30,NA
USC00136910,2020-09-14,0,36,NA
USC00136910,2020-09-15,4,28,NA
USC00136910,2020-09-16,13,33,NA
USC00136910,2020-09-17,22,41,NA
USC00136910,2020-09-18,36,43,NA
USC00136910,2020-09-19,13,23,NA
USC00136910,2020-09-20,4,28,NA
USC00136910,2020-09-21,22,41,NA
USC00136910,2020-09-22,4,25,NA
USC00136910,2020-09-23,4,30,NA
USC00136910,2020-09-24,27,33,NA
USC00136910,2020-09-25,45,25,NA
USC00136910,2020-09-27,9,81,NA
USC00136910,2020-09-28,54,36,NA
USC00136910,2020-09-29,36,30,NA
USC00136910,2020-09-30,18,36,NA
USC00136910,2020-10-01,31,48,NA
USC00136910,2020-10-02,13,38,NA
USC00136910,2020-10-05,63,61,NA
USC00136910,2020-10-06,9,30,NA
USC00136910,2020-10-07,18,66,NA
USC00136910,2020-10-08,9,33,NA
USC00136910,2020-10-09,9,53,NA
USC00136910,2020-10-13,27,185,NA
USC00136910,2020-10-14,13,56,NA
USC00136910,2020-10-15,22,71,NA
USC00136910,2020-10-16,40,71,NA
USC00136910,2020-10-19,18,97,NA
USC00136910,2020-10-20,18,0,NA
USC00136910,2020-10-21,0,0,NA
USC00136910,2020-10-22,9,0,NA
USC00136910,2020-10-26,27,0,NA
USC00136910,2020-10-27,9,0,NA
USC00136910,2020-10-28,9,0,NA
USC00136910,2020-10-29,58,NA,NA
USC00136910,2021-05-01,49,51,NA
USC00136910,2021-05-02,54,91,NA
USC00136910,2021-05-03,13,74,NA
USC00136910,2021-05-04,27,30,NA
USC00136910,2021-05-05,31,38,NA
USC00136910,2021-05-06,40,48,NA
USC00136910,2021-05-07,54,61,NA
USC00136910,2021-05-08,40,64,NA
USC00136910,2021-05-09,36,79,NA
USC00136910,2021-05-10,18,61,NA
USC00136910,2021-05-11,18,25,NA
USC00136910,2021-05-12,4,56,NA
USC00136910,2021-05-13,0,36,NA
USC00136910,2021-05-14,805,0,NA
USC00136910,2021-05-15,9,23,NA
USC00136910,2021-05-16,9,15,NA
USC00136910,2021-05-17,36,41,NA
USC00136910,2021-05-18,40,13,NA
USC00136910,2021-05-19,22,8,NA
USC00136910,2021-05-20,54,38,NA
USC00136910,2021-05-21,31,18,NA
USC00136910,2021-05-22,27,20,NA
USC00136910,2021-05-23,0,18,NA
USC00136910,2021-05-24,13,13,NA
USC00136910,2021-05-25,49,33,NA
USC00136910,2021-05-26,0,38,NA
USC00136910,2021-05-27,27,66,NA
USC00136910,2021-05-28,13,46,NA
USC00136910,2021-05-29,13,0,NA
USC00136910,2021-05-30,4,30,NA
USC00136910,2021-05-31,0,38,NA
USC00136910,2021-06-01,0,10,NA
USC00136910,2021-06-02,0,66,NA
USC00136910,2021-06-03,4,66,NA
USC00136910,2021-06-04,4,71,NA
USC00136910,2021-06-05,31,74,NA
USC00136910,2021-06-06,0,69,NA
USC00136910,2021-06-07,4,46,NA
USC00136910,2021-06-08,0,61,NA
USC00136910,2021-06-09,1207,74,NA
USC00136910,2021-06-10,0,48,NA
USC00136910,2021-06-11,0,51,NA
USC00136910,2021-06-12,18,66,NA
USC00136910,2021-06-13,0,66,NA
USC00136910,2021-06-14,4,91,NA
USC00136910,2021-06-15,4,69,NA
USC00136910,2021-06-16,27,61,NA
USC00136910,2021-06-17,0,71,NA
USC00136910,2021-06-18,22,71,NA
USC00136910,2021-06-19,0,147,NA
USC00136910,2021-06-20,0,53,NA
USC00136910,2021-06-21,22,10,NA
USC00136910,2021-06-22,0,114,NA
USC00136910,2021-06-23,49,51,NA
USC00136910,2021-06-24,4,71,NA
USC00136910,2021-06-25,4,NA,NA
USC00136910,2021-06-26,4,15,NA
USC00136910,2021-06-27,0,71,NA
USC00136910,2021-06-28,0,36,NA
USC00136910,2021-06-29,4,30,NA
USC00136910,2021-06-30,0,13,NA
USC00136910,2021-07-01,0,20,NA
USC00136910,2021-07-02,4,64,NA
USC00136910,2021-07-03,4,56,NA
USC00136910,2021-07-04,13,53,NA
USC00136910,2021-07-05,13,58,NA
USC00136910,2021-07-06,4,69,NA
USC00136910,2021-07-07,0,56,NA
USC00136910,2021-07-08,0,41,NA
USC00136910,2021-07-09,4,38,NA
USC00136910,2021-07-10,0,64,NA
USC00136910,2021-07-11,22,46,NA
USC00136910,2021-07-12,0,64,NA
USC00136910,2021-07-13,0,3,NA
USC00136910,2021-07-14,0,53,NA
USC00136910,2021-07-15,0,64,NA
USC00136910,2021-07-16,0,48,NA
USC00136910,2021-07-18,0,38,NA
USC00136910,2021-07-19,13,53,NA
USC00136910,2021-07-20,0,38,NA
USC00136910,2021-07-21,22,46,NA
USC00136910,2021-07-22,22,25,NA
USC00136910,2021-07-23,0,58,NA
USC00136910,2021-07-24,0,51,NA
USC00136910,2021-07-25,0,61,NA
USC00136910,2021-07-26,13,33,NA
USC00136910,2021-07-27,27,38,NA
USC00136910,2021-07-28,0,114,NA
USC00136910,2021-07-29,9,41,NA
USC00136910,2021-07-30,9,53,NA
USC00136910,2021-07-31,9,112,NA
USC00136910,2021-08-01,18,38,NA
USC00136910,2021-08-02,0,43,NA
USC00136910,2021-08-03,0,33,NA
USC00136910,2021-08-04,0,41,NA
USC00136910,2021-08-05,0,46,NA
USC00136910,2021-08-06,9,36,NA
USC00136910,2021-08-07,27,36,NA
USC00136910,2021-08-08,31,51,NA
USC00136910,2021-08-09,36,36,NA
USC00136910,2021-08-10,27,36,NA
USC00136910,2021-08-11,63,61,NA
USC00136910,2021-08-12,27,38,NA
USC00136910,2021-08-13,31,25,NA
USC00136910,2021-08-14,0,30,NA
USC00136910,2021-08-15,0,36,NA
USC00136910,2021-08-16,0,43,NA
USC00136910,2021-08-17,9,33,NA
USC00136910,2021-08-18,0,66,NA
USC00136910,2021-08-19,0,38,NA
USC00136910,2021-08-20,18,38,NA
USC00136910,2021-08-21,22,43,NA
USC00136910,2021-08-22,9,66,NA
USC00136910,2021-08-23,31,41,NA
USC00136910,2021-08-24,13,41,NA
USC00136910,2021-08-25,22,71,NA
USC00136910,2021-08-26,0,41,NA
USC00136910,2021-08-27,36,61,NA
USC00136910,2021-08-28,22,56,NA
USC00136910,2021-08-29,22,56,NA
USC00136910,2021-08-30,4,43,NA
USC00136910,2021-08-31,9,157,NA
USC00136910,2021-09-01,13,30,NA
USC00136910,2021-09-02,31,38,NA
USC00136910,2021-09-03,27,43,NA
USC00136910,2021-09-04,27,0,NA
USC00136910,2021-09-05,13,23,NA
USC00136910,2021-09-06,0,58,NA
USC00136910,2021-09-07,31,48,NA
USC00136910,2021-09-08,13,69,NA
USC00136910,2021-09-09,18,53,NA
USC00136910,2021-09-10,27,30,NA
USC00136910,2021-09-11,9,36,NA
USC00136910,2021-09-12,45,53,NA
USC00136910,2021-09-13,18,36,NA
USC00136910,2021-09-14,31,38,NA
USC00136910,2021-09-15,9,48,NA
USC00136910,2021-09-16,18,38,NA
USC00136910,2021-09-17,22,53,NA
USC00136910,2021-09-18,9,36,NA
USC00136910,2021-09-19,13,33,NA
USC00136910,2021-09-20,18,41,NA
USC00136910,2021-09-21,54,66,NA
USC00136910,2021-09-22,4,38,NA
USC00136910,2021-09-23,4,36,NA
USC00136910,2021-09-24,27,30,NA
USC00136910,2021-09-25,27,41,NA
USC00136910,2021-09-26,27,41,NA
USC00136910,2021-09-27,40,69,NA
USC00136910,2021-09-28,9,64,NA
USC00136910,2021-09-29,4,43,NA
USC00136910,2021-09-30,13,38,NA
USC00136910,2021-10-01,18,38,NA
USC00136910,2021-10-04,9,86,NA
USC00136910,2021-10-05,13,36,NA
USC00136910,2021-10-06,27,23,NA
USC00136910,2021-10-07,4,10,NA
USC00136910,2021-10-08,9,23,NA
USC00136910,2021-10-12,31,102,NA
USC00136910,2021-10-13,13,124,NA
USC00136910,2021-10-14,9,23,NA
USC00136910,2021-10-15,9,23,NA
USC00136910,2021-10-18,9,137,NA
USC00136910,2021-10-19,13,0,NA
USC00136910,2021-10-20,22,NA,NA
USC00136910,2021-10-21,18,0,NA
USC00136910,2021-10-22,13,0,NA
USC00136910,2021-10-25,18,NA,NA
USC00136910,2021-10-26,9,NA,NA
USC00136910,2021-10-27,49,NA,NA
USC00136910,2021-10-28,36,NA,NA
USC00136910,2021-10-29,27,NA,NA
USW00014940,2018-05-01,57,NA,139
USW00014940,2018-05-02,33,NA,117
USW00014940,2018-05-03,45,NA,117
USW00014940,2018-05-04,63,NA,78
USW00014940,2018-05-05,47,NA,89
USW00014940,2018-05-06,44,NA,78
USW00014940,2018-05-07,38,NA,67
USW00014940,2018-05-08,51,NA,94
USW00014940,2018-05-09,56,NA,122
USW00014940,2018-05-10,51,NA,72
USW00014940,2018-05-11,69,NA,72
USW00014940,2018-05-12,59,NA,83
USW00014940,2018-05-13,30,NA,106
USW00014940,2018-05-14,38,NA,144
USW00014940,2018-05-15,18,NA,122
USW00014940,2018-05-16,14,NA,117
USW00014940,2018-05-17,34,NA,117
USW00014940,2018-05-18,57,NA,128
USW00014940,2018-05-19,55,NA,122
USW00014940,2018-05-20,56,NA,89
USW00014940,2018-05-21,24,NA,128
USW00014940,2018-05-22,20,NA,144
USW00014940,2018-05-23,50,NA,183
USW00014940,2018-05-24,54,NA,172
USW00014940,2018-05-25,38,NA,183
USW00014940,2018-05-26,31,NA,167
USW00014940,2018-05-27,26,NA,144
USW00014940,2018-05-28,44,NA,178
USW00014940,2018-05-29,41,NA,189
USW00014940,2018-05-30,37,NA,189
USW00014940,2018-05-31,16,NA,183
USW00014940,2018-06-01,41,NA,178
USW00014940,2018-06-02,59,NA,156
USW00014940,2018-06-03,78,NA,94
USW00014940,2018-06-04,55,NA,100
USW00014940,2018-06-05,50,NA,156
USW00014940,2018-06-06,44,NA,172
USW00014940,2018-06-07,45,NA,172
USW00014940,2018-06-08,68,NA,183
USW00014940,2018-06-09,55,NA,194
USW00014940,2018-06-10,64,NA,183
USW00014940,2018-06-11,65,NA,178
USW00014940,2018-06-12,28,NA,189
USW00014940,2018-06-13,23,NA,117
USW00014940,2018-06-14,59,NA,161
USW00014940,2018-06-15,66,NA,206
USW00014940,2018-06-16,55,NA,222
USW00014940,2018-06-17,62,NA,222
USW00014940,2018-06-18,28,NA,222
USW00014940,2018-06-19,31,NA,217
USW00014940,2018-06-20,57,NA,206
USW00014940,2018-06-21,63,NA,161
USW00014940,2018-06-22,26,NA,161
USW00014940,2018-06-23,15,NA,161
USW00014940,2018-06-24,32,NA,189
USW00014940,2018-06-25,64,NA,178
USW00014940,2018-06-26,30,NA,183
USW00014940,2018-06-27,23,NA,189
USW00014940,2018-06-28,45,NA,217
USW00014940,2018-06-29,69,NA,233
USW00014940,2018-06-30,54,NA,222
USW00014940,2018-07-01,55,NA,183
USW00014940,2018-07-02,48,NA,183
USW00014940,2018-07-03,51,NA,211
USW00014940,2018-07-04,38,NA,233
USW00014940,2018-07-05,41,NA,194
USW00014940,2018-07-06,27,NA,156
USW00014940,2018-07-07,45,NA,161
USW00014940,2018-07-08,46,NA,178
USW00014940,2018-07-09,34,NA,200
USW00014940,2018-07-10,28,NA,189
USW00014940,2018-07-11,51,NA,217
USW00014940,2018-07-12,45,NA,222
USW00014940,2018-07-13,32,NA,217
USW00014940,2018-07-14,22,NA,222
USW00014940,2018-07-15,18,NA,217
USW00014940,2018-07-16,28,NA,167
USW00014940,2018-07-17,20,NA,172
USW00014940,2018-07-18,27,NA,183
USW00014940,2018-07-19,54,NA,194
USW00014940,2018-07-20,66,NA,183
USW00014940,2018-07-21,50,NA,183
USW00014940,2018-07-22,34,NA,178
USW00014940,2018-07-23,36,NA,189
USW00014940,2018-07-24,43,NA,161
USW00014940,2018-07-25,46,NA,172
USW00014940,2018-07-26,57,NA,139
USW00014940,2018-07-27,37,NA,133
USW00014940,2018-07-28,17,NA,133
USW00014940,2018-07-29,10,NA,144
USW00014940,2018-07-30,16,NA,156
USW00014940,2018-07-31,19,NA,161
USW00014940,2018-08-01,38,NA,172
USW00014940,2018-08-02,22,NA,133
USW00014940,2018-08-03,48,NA,194
USW00014940,2018-08-04,42,NA,189
USW00014940,2018-08-05,39,NA,194
USW00014940,2018-08-06,17,NA,194
USW00014940,2018-08-07,25,NA,183
USW00014940,2018-08-08,31,NA,194
USW00014940,2018-08-09,37,NA,206
USW00014940,2018-08-10,24,NA,183
USW00014940,2018-08-11,8,NA,183
USW00014940,2018-08-12,22,NA,194
USW00014940,2018-08-13,30,NA,194
USW00014940,2018-08-14,18,NA,211
USW00014940,2018-08-15,24,NA,211
USW00014940,2018-08-16,22,NA,200
USW00014940,2018-08-17,26,NA,194
USW00014940,2018-08-18,12,NA,189
USW00014940,2018-08-19,33,NA,200
USW00014940,2018-08-20,53,NA,189
USW00014940,2018-08-21,46,NA,156
USW00014940,2018-08-22,33,NA,128
USW00014940,2018-08-23,44,NA,144
USW00014940,2018-08-24,46,NA,183
USW00014940,2018-08-25,21,NA,189
USW00014940,2018-08-26,54,NA,211
USW00014940,2018-08-27,52,NA,222
USW00014940,2018-08-28,36,NA,189
USW00014940,2018-08-29,28,NA,128
USW00014940,2018-08-30,45,NA,156
USW00014940,2018-08-31,55,NA,200
USW00014940,2018-09-01,34,NA,211
USW00014940,2018-09-02,35,NA,206
USW00014940,2018-09-03,26,NA,211
USW00014940,2018-09-04,35,NA,217
USW00014940,2018-09-05,41,NA,178
USW00014940,2018-09-06,35,NA,111
USW00014940,2018-09-07,33,NA,117
USW00014940,2018-09-08,38,NA,106
USW00014940,2018-09-09,26,NA,106
USW00014940,2018-09-10,28,NA,128
USW00014940,2018-09-11,51,NA,150
USW00014940,2018-09-12,43,NA,156
USW00014940,2018-09-13,53,NA,172
USW00014940,2018-09-14,36,NA,189
USW00014940,2018-09-15,30,NA,200
USW00014940,2018-09-16,36,NA,183
USW00014940,2018-09-17,37,NA,178
USW00014940,2018-09-18,34,NA,172
USW00014940,2018-09-19,31,NA,183
USW00014940,2018-09-20,65,NA,194
USW00014940,2018-09-21,74,NA,89
USW00014940,2018-09-22,32,NA,78
USW00014940,2018-09-23,47,NA,100
USW00014940,2018-09-24,44,NA,133
USW00014940,2018-09-25,46,NA,106
USW00014940,2018-09-26,45,NA,61
USW00014940,2018-09-27,58,NA,78
USW00014940,2018-09-28,45,NA,28
USW00014940,2018-09-29,35,NA,28
USW00014940,2018-09-30,37,NA,67
USW00014940,2018-10-01,35,NA,94
USW00014940,2018-10-02,33,NA,100
USW00014940,2018-10-03,80,NA,161
USW00014940,2018-10-04,52,NA,11
USW00014940,2018-10-05,25,NA,89
USW00014940,2018-10-06,47,NA,50
USW00014940,2018-10-07,39,NA,89
USW00014940,2018-10-08,19,NA,133
USW00014940,2018-10-09,38,NA,128
USW00014940,2018-10-10,80,NA,78
USW00014940,2018-10-11,70,NA,-11
USW00014940,2018-10-12,30,NA,-17
USW00014940,2018-10-13,53,NA,44
USW00014940,2018-10-14,50,NA,6
USW00014940,2018-10-15,51,NA,-28
USW00014940,2018-10-16,64,NA,0
USW00014940,2018-10-17,40,NA,-22
USW00014940,2018-10-18,49,NA,33
USW00014940,2018-10-19,72,NA,61
USW00014940,2018-10-20,77,NA,-39
USW00014940,2018-10-21,39,NA,-17
USW00014940,2018-10-22,44,NA,-6
USW00014940,2018-10-23,28,NA,-17
USW00014940,2018-10-24,26,NA,-11
USW00014940,2018-10-25,31,NA,22
USW00014940,2018-10-26,19,NA,44
USW00014940,2018-10-27,26,NA,72
USW00014940,2018-10-28,85,NA,22
USW00014940,2018-10-29,42,NA,22
USW00014940,2018-10-30,54,NA,39
USW00014940,2018-10-31,34,NA,17
USW00014940,2019-05-01,34,NA,50
USW00014940,2019-05-02,25,NA,44
USW00014940,2019-05-03,27,NA,39
USW00014940,2019-05-04,38,NA,72
USW00014940,2019-05-05,27,NA,100
USW00014940,2019-05-06,57,NA,50
USW00014940,2019-05-07,51,NA,50
USW00014940,2019-05-08,78,NA,67
USW00014940,2019-05-09,81,NA,33
USW00014940,2019-05-10,24,NA,17
USW00014940,2019-05-11,48,NA,67
USW00014940,2019-05-12,33,NA,33
USW00014940,2019-05-13,30,NA,39
USW00014940,2019-05-14,46,NA,106
USW00014940,2019-05-15,24,NA,100
USW00014940,2019-05-16,53,NA,133
USW00014940,2019-05-17,68,NA,117
USW00014940,2019-05-18,59,NA,144
USW00014940,2019-05-19,73,NA,61
USW00014940,2019-05-20,48,NA,44
USW00014940,2019-05-21,98,NA,61
USW00014940,2019-05-22,95,NA,94
USW00014940,2019-05-23,51,NA,94
USW00014940,2019-05-24,68,NA,150
USW00014940,2019-05-25,56,NA,128
USW00014940,2019-05-26,22,NA,106
USW00014940,2019-05-27,73,NA,150
USW00014940,2019-05-28,57,NA,117
USW00014940,2019-05-29,40,NA,144
USW00014940,2019-05-30,21,NA,144
USW00014940,2019-05-31,48,NA,144
USW00014940,2019-06-01,51,NA,128
USW00014940,2019-06-02,28,NA,72
USW00014940,2019-06-03,45,NA,111
USW00014940,2019-06-04,61,NA,172
USW00014940,2019-06-05,26,NA,172
USW00014940,2019-06-06,17,NA,139
USW00014940,2019-06-07,43,NA,150
USW00014940,2019-06-08,50,NA,117
USW00014940,2019-06-09,64,NA,128
USW00014940,2019-06-10,55,NA,50
USW00014940,2019-06-11,29,NA,122
USW00014940,2019-06-12,70,NA,89
USW00014940,2019-06-13,34,NA,39
USW00014940,2019-06-14,73,NA,133
USW00014940,2019-06-15,30,NA,172
USW00014940,2019-06-16,26,NA,167
USW00014940,2019-06-17,22,NA,172
USW00014940,2019-06-18,25,NA,156
USW00014940,2019-06-19,25,NA,133
USW00014940,2019-06-20,33,NA,139
USW00014940,2019-06-21,72,NA,128
USW00014940,2019-06-22,42,NA,144
USW00014940,2019-06-23,27,NA,172
USW00014940,2019-06-24,56,NA,144
USW00014940,2019-06-25,50,NA,133
USW00014940,2019-06-26,24,NA,150
USW00014940,2019-06-27,37,NA,183
USW00014940,2019-06-28,36,NA,200
USW00014940,2019-06-29,28,NA,217
USW00014940,2019-06-30,45,NA,217
USW00014940,2019-07-01,38,NA,200
USW00014940,2019-07-02,18,NA,200
USW00014940,2019-07-03,24,NA,200
USW00014940,2019-07-04,32,NA,200
USW00014940,2019-07-05,21,NA,194
USW00014940,2019-07-06,44,NA,178
USW00014940,2019-07-07,20,NA,156
USW00014940,2019-07-08,38,NA,161
USW00014940,2019-07-09,52,NA,189
USW00014940,2019-07-10,70,NA,167
USW00014940,2019-07-11,31,NA,161
USW00014940,2019-07-12,37,NA,178
USW00014940,2019-07-13,26,NA,200
USW00014940,2019-07-14,30,NA,211
USW00014940,2019-07-15,51,NA,206
USW00014940,2019-07-16,36,NA,206
USW00014940,2019-07-17,31,NA,194
USW00014940,2019-07-18,39,NA,233
USW00014940,2019-07-19,51,NA,250
USW00014940,2019-07-20,48,NA,194
USW00014940,2019-07-21,31,NA,167
USW00014940,2019-07-22,45,NA,128
USW00014940,2019-07-23,30,NA,133
USW00014940,2019-07-24,22,NA,133
USW00014940,2019-07-25,38,NA,156
USW00014940,2019-07-26,59,NA,183
USW00014940,2019-07-27,27,NA,189
USW00014940,2019-07-28,39,NA,194
USW00014940,2019-07-29,52,NA,156
USW00014940,2019-07-30,18,NA,122
USW00014940,2019-07-31,22,NA,133
USW00014940,2019-08-01,16,NA,156
USW00014940,2019-08-02,19,NA,156
USW00014940,2019-08-03,9,NA,150
USW00014940,2019-08-04,21,NA,167
USW00014940,2019-08-05,47,NA,194
USW00014940,2019-08-06,34,NA,161
USW00014940,2019-08-07,44,NA,172
USW00014940,2019-08-08,32,NA,128
USW00014940,2019-08-09,16,NA,122
USW00014940,2019-08-10,35,NA,172
USW00014940,2019-08-11,26,NA,194
USW00014940,2019-08-12,22,NA,194
USW00014940,2019-08-13,39,NA,172
USW00014940,2019-08-14,34,NA,156
USW00014940,2019-08-15,30,NA,156
USW00014940,2019-08-16,33,NA,144
USW00014940,2019-08-17,34,NA,167
USW00014940,2019-08-18,40,NA,156
USW00014940,2019-08-19,17,NA,144
USW00014940,2019-08-20,40,NA,189
USW00014940,2019-08-21,33,NA,150
USW00014940,2019-08-22,21,NA,122
USW00014940,2019-08-23,29,NA,128
USW00014940,2019-08-24,43,NA,122
USW00014940,2019-08-25,46,NA,133
USW00014940,2019-08-26,30,NA,156
USW00014940,2019-08-27,66,NA,100
USW00014940,2019-08-28,52,NA,100
USW00014940,2019-08-29,51,NA,117
USW00014940,2019-08-30,27,NA,94
USW00014940,2019-08-31,20,NA,117
USW00014940,2019-09-01,21,NA,144
USW00014940,2019-09-02,33,NA,183
USW00014940,2019-09-03,60,NA,156
USW00014940,2019-09-04,21,NA,106
USW00014940,2019-09-05,50,NA,150
USW00014940,2019-09-06,47,NA,133
USW00014940,2019-09-07,19,NA,133
USW00014940,2019-09-08,42,NA,128
USW00014940,2019-09-09,51,NA,161
USW00014940,2019-09-10,39,NA,189
USW00014940,2019-09-11,38,NA,189
USW00014940,2019-09-12,51,NA,189
USW00014940,2019-09-13,58,NA,106
USW00014940,2019-09-14,32,NA,133
USW00014940,2019-09-15,12,NA,161
USW00014940,2019-09-16,46,NA,189
USW00014940,2019-09-17,58,NA,189
USW00014940,2019-09-18,46,NA,183
USW00014940,2019-09-19,31,NA,189
USW00014940,2019-09-20,38,NA,194
USW00014940,2019-09-21,60,NA,206
USW00014940,2019-09-22,28,NA,144
USW00014940,2019-09-23,33,NA,111
USW00014940,2019-09-24,67,NA,167
USW00014940,2019-09-25,56,NA,100
USW00014940,2019-09-26,48,NA,78
USW00014940,2019-09-27,47,NA,111
USW00014940,2019-09-28,45,NA,94
USW00014940,2019-09-29,51,NA,133
USW00014940,2019-09-30,66,NA,200
USW00014940,2019-10-01,47,NA,133
USW00014940,2019-10-02,38,NA,111
USW00014940,2019-10-03,62,NA,50
USW00014940,2019-10-04,38,NA,44
USW00014940,2019-10-05,69,NA,83
USW00014940,2019-10-06,58,NA,44
USW00014940,2019-10-07,36,NA,39
USW00014940,2019-10-08,58,NA,44
USW00014940,2019-10-09,60,NA,67
USW00014940,2019-10-10,61,NA,106
USW00014940,2019-10-11,96,NA,94
USW00014940,2019-10-12,88,NA,-22
USW00014940,2019-10-13,59,NA,-17
USW00014940,2019-10-14,32,NA,-6
USW00014940,2019-10-15,72,NA,22
USW00014940,2019-10-16,43,NA,11
USW00014940,2019-10-17,34,NA,22
USW00014940,2019-10-18,81,NA,56
USW00014940,2019-10-19,25,NA,94
USW00014940,2019-10-20,35,NA,33
USW00014940,2019-10-21,76,NA,89
USW00014940,2019-10-22,106,NA,44
USW00014940,2019-10-23,34,NA,17
USW00014940,2019-10-24,30,NA,-17
USW00014940,2019-10-25,35,NA,0
USW00014940,2019-10-26,33,NA,-11
USW00014940,2019-10-27,56,NA,22
USW00014940,2019-10-28,35,NA,-61
USW00014940,2019-10-29,33,NA,-56
USW00014940,2019-10-30,40,NA,-72
USW00014940,2019-10-31,45,NA,-78
USW00014940,2020-05-01,74,NA,44
USW00014940,2020-05-02,61,NA,28
USW00014940,2020-05-03,47,NA,11
USW00014940,2020-05-04,57,NA,0
USW00014940,2020-05-05,42,NA,44
USW00014940,2020-05-06,54,NA,39
USW00014940,2020-05-07,49,NA,6
USW00014940,2020-05-08,61,NA,-67
USW00014940,2020-05-09,60,NA,-11
USW00014940,2020-05-10,87,NA,0
USW00014940,2020-05-11,48,NA,-33
USW00014940,2020-05-12,24,NA,-67
USW00014940,2020-05-13,74,NA,39
USW00014940,2020-05-14,27,NA,100
USW00014940,2020-05-15,42,NA,44
USW00014940,2020-05-16,48,NA,94
USW00014940,2020-05-17,83,NA,106
USW00014940,2020-05-18,79,NA,100
USW00014940,2020-05-19,51,NA,111
USW00014940,2020-05-20,60,NA,122
USW00014940,2020-05-21,46,NA,122
USW00014940,2020-05-22,42,NA,133
USW00014940,2020-05-23,40,NA,156
USW00014940,2020-05-24,31,NA,172
USW00014940,2020-05-25,25,NA,178
USW00014940,2020-05-26,36,NA,189
USW00014940,2020-05-27,38,NA,189
USW00014940,2020-05-28,56,NA,117
USW00014940,2020-05-29,54,NA,83
USW00014940,2020-05-30,26,NA,72
USW00014940,2020-05-31,40,NA,83
USW00014940,2020-06-01,77,NA,150
USW00014940,2020-06-02,66,NA,172
USW00014940,2020-06-03,24,NA,144
USW00014940,2020-06-04,24,NA,150
USW00014940,2020-06-05,43,NA,156
USW00014940,2020-06-06,52,NA,106
USW00014940,2020-06-07,85,NA,150
USW00014940,2020-06-08,70,NA,156
USW00014940,2020-06-09,47,NA,172
USW00014940,2020-06-10,92,NA,106
USW00014940,2020-06-11,55,NA,83
USW00014940,2020-06-12,34,NA,100
USW00014940,2020-06-13,69,NA,78
USW00014940,2020-06-14,86,NA,94
USW00014940,2020-06-15,78,NA,122
USW00014940,2020-06-16,64,NA,111
USW00014940,2020-06-17,60,NA,139
USW00014940,2020-06-18,57,NA,172
USW00014940,2020-06-19,43,NA,172
USW00014940,2020-06-20,19,NA,161
USW00014940,2020-06-21,43,NA,172
USW00014940,2020-06-22,23,NA,161
USW00014940,2020-06-23,45,NA,139
USW00014940,2020-06-24,32,NA,139
USW00014940,2020-06-25,24,NA,150
USW00014940,2020-06-26,28,NA,194
USW00014940,2020-06-27,14,NA,172
USW00014940,2020-06-28,51,NA,200
USW00014940,2020-06-29,49,NA,222
USW00014940,2020-06-30,55,NA,222
USW00014940,2020-07-01,38,NA,200
USW00014940,2020-07-02,25,NA,194
USW00014940,2020-07-03,13,NA,194
USW00014940,2020-07-04,10,NA,200
USW00014940,2020-07-05,17,NA,194
USW00014940,2020-07-06,30,NA,200
USW00014940,2020-07-07,28,NA,200
USW00014940,2020-07-08,42,NA,217
USW00014940,2020-07-09,32,NA,200
USW00014940,2020-07-10,32,NA,183
USW00014940,2020-07-11,28,NA,194
USW00014940,2020-07-12,28,NA,167
USW00014940,2020-07-13,43,NA,178
USW00014940,2020-07-14,43,NA,183
USW00014940,2020-07-15,24,NA,150
USW00014940,2020-07-16,26,NA,133
USW00014940,2020-07-17,46,NA,217
USW00014940,2020-07-18,57,NA,239
USW00014940,2020-07-19,49,NA,172
USW00014940,2020-07-20,13,NA,167
USW00014940,2020-07-21,32,NA,183
USW00014940,2020-07-22,35,NA,150
USW00014940,2020-07-23,27,NA,172
USW00014940,2020-07-24,47,NA,217
USW00014940,2020-07-25,44,NA,233
USW00014940,2020-07-26,36,NA,222
USW00014940,2020-07-27,32,NA,156
USW00014940,2020-07-28,51,NA,172
USW00014940,2020-07-29,20,NA,172
USW00014940,2020-07-30,38,NA,156
USW00014940,2020-07-31,22,NA,139
USW00014940,2020-08-01,19,NA,150
USW00014940,2020-08-02,51,NA,144
USW00014940,2020-08-03,31,NA,100
USW00014940,2020-08-04,10,NA,89
USW00014940,2020-08-05,32,NA,117
USW00014940,2020-08-06,53,NA,150
USW00014940,2020-08-07,58,NA,183
USW00014940,2020-08-08,42,NA,206
USW00014940,2020-08-09,45,NA,211
USW00014940,2020-08-10,32,NA,167
USW00014940,2020-08-11,22,NA,128
USW00014940,2020-08-12,43,NA,178
USW00014940,2020-08-13,43,NA,206
USW00014940,2020-08-14,45,NA,206
USW00014940,2020-08-15,31,NA,139
USW00014940,2020-08-16,33,NA,161
USW00014940,2020-08-17,47,NA,139
USW00014940,2020-08-18,13,NA,122
USW00014940,2020-08-19,27,NA,128
USW00014940,2020-08-20,46,NA,156
USW00014940,2020-08-21,46,NA,167
USW00014940,2020-08-22,37,NA,189
USW00014940,2020-08-23,13,NA,200
USW00014940,2020-08-24,32,NA,206
USW00014940,2020-08-25,43,NA,200
USW00014940,2020-08-26,51,NA,189
USW00014940,2020-08-27,34,NA,206
USW00014940,2020-08-28,54,NA,194
USW00014940,2020-08-29,38,NA,122
USW00014940,2020-08-30,34,NA,117
USW00014940,2020-08-31,47,NA,111
USW00014940,2020-09-01,25,NA,106
USW00014940,2020-09-02,41,NA,117
USW00014940,2020-09-03,73,NA,100
USW00014940,2020-09-04,28,NA,100
USW00014940,2020-09-05,26,NA,106
USW00014940,2020-09-06,68,NA,167
USW00014940,2020-09-07,55,NA,83
USW00014940,2020-09-08,52,NA,67
USW00014940,2020-09-09,46,NA,72
USW00014940,2020-09-10,33,NA,78
USW00014940,2020-09-11,37,NA,117
USW00014940,2020-09-12,26,NA,128
USW00014940,2020-09-13,24,NA,128
USW00014940,2020-09-14,29,NA,133
USW00014940,2020-09-15,51,NA,144
USW00014940,2020-09-16,52,NA,128
USW00014940,2020-09-17,31,NA,50
USW00014940,2020-09-18,26,NA,44
USW00014940,2020-09-19,49,NA,78
USW00014940,2020-09-20,61,NA,67
USW00014940,2020-09-21,47,NA,111
USW00014940,2020-09-22,32,NA,122
USW00014940,2020-09-23,33,NA,139
USW00014940,2020-09-24,26,NA,150
USW00014940,2020-09-25,46,NA,156
USW00014940,2020-09-26,42,NA,156
USW00014940,2020-09-27,54,NA,72
USW00014940,2020-09-28,64,NA,78
USW00014940,2020-09-29,46,NA,61
USW00014940,2020-09-30,82,NA,44
USW00014940,2020-10-01,67,NA,33
USW00014940,2020-10-02,21,NA,0
USW00014940,2020-10-03,15,NA,17
USW00014940,2020-10-04,19,NA,-6
USW00014940,2020-10-05,66,NA,44
USW00014940,2020-10-06,55,NA,61
USW00014940,2020-10-07,41,NA,39
USW00014940,2020-10-08,41,NA,22
USW00014940,2020-10-09,58,NA,111
USW00014940,2020-10-10,36,NA,33
USW00014940,2020-10-11,82,NA,111
USW00014940,2020-10-12,71,NA,33
USW00014940,2020-10-13,52,NA,17
USW00014940,2020-10-14,88,NA,22
USW00014940,2020-10-15,68,NA,-50
USW00014940,2020-10-16,54,NA,-28
USW00014940,2020-10-17,72,NA,0
USW00014940,2020-10-18,53,NA,-61
USW00014940,2020-10-19,23,NA,-50
USW00014940,2020-10-20,53,NA,0
USW00014940,2020-10-21,37,NA,6
USW00014940,2020-10-22,74,NA,11
USW00014940,2020-10-23,84,NA,-17
USW00014940,2020-10-24,43,NA,-72
USW00014940,2020-10-25,52,NA,-44
USW00014940,2020-10-26,41,NA,-83
USW00014940,2020-10-27,44,NA,-78
USW00014940,2020-10-28,55,NA,-22
USW00014940,2020-10-29,50,NA,-22
USW00014940,2020-10-30,41,NA,-28
USW00014940,2020-10-31,87,NA,6
USW00014940,2021-05-01,92,NA,22
USW00014940,2021-05-02,56,NA,117
USW00014940,2021-05-03,65,NA,94
USW00014940,2021-05-04,62,NA,-6
USW00014940,2021-05-05,35,NA,0
USW00014940,2021-05-06,59,NA,-6
USW00014940,2021-05-07,54,NA,-28
USW00014940,2021-05-08,53,NA,-17
USW00014940,2021-05-09,37,NA,0
USW00014940,2021-05-10,43,NA,-17
USW00014940,2021-05-11,21,NA,-61
USW00014940,2021-05-12,18,NA,-39
USW00014940,2021-05-13,40,NA,-28
USW00014940,2021-05-14,55,NA,22
USW00014940,2021-05-15,35,NA,83
USW00014940,2021-05-16,45,NA,111
USW00014940,2021-05-17,59,NA,94
USW00014940,2021-05-18,60,NA,139
USW00014940,2021-05-19,60,NA,167
USW00014940,2021-05-20,53,NA,172
USW00014940,2021-05-21,61,NA,167
USW00014940,2021-05-22,43,NA,178
USW00014940,2021-05-23,38,NA,178
USW00014940,2021-05-24,71,NA,156
USW00014940,2021-05-25,67,NA,133
USW00014940,2021-05-26,51,NA,67
USW00014940,2021-05-27,82,NA,61
USW00014940,2021-05-28,54,NA,39
USW00014940,2021-05-29,31,NA,17
USW00014940,2021-05-30,21,NA,78
USW00014940,2021-05-31,33,NA,89
USW00014940,2021-06-01,22,NA,67
USW00014940,2021-06-02,31,NA,83
USW00014940,2021-06-03,60,NA,67
USW00014940,2021-06-04,72,NA,100
USW00014940,2021-06-05,71,NA,128
USW00014940,2021-06-06,67,NA,150
USW00014940,2021-06-07,39,NA,161
USW00014940,2021-06-08,29,NA,161
USW00014940,2021-06-09,29,NA,167
USW00014940,2021-06-10,26,NA,167
USW00014940,2021-06-11,49,NA,156
USW00014940,2021-06-12,55,NA,78
USW00014940,2021-06-13,38,NA,83
USW00014940,2021-06-14,33,NA,83
USW00014940,2021-06-15,29,NA,94
USW00014940,2021-06-16,44,NA,111
USW00014940,2021-06-17,44,NA,172
USW00014940,2021-06-18,29,NA,128
USW00014940,2021-06-19,42,NA,94
USW00014940,2021-06-20,65,NA,150
USW00014940,2021-06-21,66,NA,50
USW00014940,2021-06-22,21,NA,94
USW00014940,2021-06-23,56,NA,161
USW00014940,2021-06-24,37,NA,183
USW00014940,2021-06-25,25,NA,194
USW00014940,2021-06-26,41,NA,183
USW00014940,2021-06-27,23,NA,161
USW00014940,2021-06-28,24,NA,178
USW00014940,2021-06-29,23,NA,178
USW00014940,2021-06-30,26,NA,161
USW00014940,2021-07-01,13,NA,156
USW00014940,2021-07-02,21,NA,144
USW00014940,2021-07-03,19,NA,156
USW00014940,2021-07-04,59,NA,178
USW00014940,2021-07-05,42,NA,206
USW00014940,2021-07-06,41,NA,194
USW00014940,2021-07-07,43,NA,156
USW00014940,2021-07-08,19,NA,139
USW00014940,2021-07-09,36,NA,167
USW00014940,2021-07-10,34,NA,156
USW00014940,2021-07-11,30,NA,133
USW00014940,2021-07-12,13,NA,144
USW00014940,2021-07-13,25,NA,161
USW00014940,2021-07-14,33,NA,178
USW00014940,2021-07-15,24,NA,156
USW00014940,2021-07-16,23,NA,156
USW00014940,2021-07-17,8,NA,167
USW00014940,2021-07-18,9,NA,156
USW00014940,2021-07-19,8,NA,156
USW00014940,2021-07-20,27,NA,178
USW00014940,2021-07-21,19,NA,183
USW00014940,2021-07-22,37,NA,183
USW00014940,2021-07-23,44,NA,194
USW00014940,2021-07-24,42,NA,194
USW00014940,2021-07-25,19,NA,156
USW00014940,2021-07-26,33,NA,172
USW00014940,2021-07-27,42,NA,206
USW00014940,2021-07-28,40,NA,222
USW00014940,2021-07-29,39,NA,194
USW00014940,2021-07-30,14,NA,167
USW00014940,2021-07-31,29,NA,161
USW00014940,2021-08-01,33,NA,122
USW00014940,2021-08-02,9,NA,117
USW00014940,2021-08-03,11,NA,117
USW00014940,2021-08-04,26,NA,133
USW00014940,2021-08-05,39,NA,172
USW00014940,2021-08-06,24,NA,172
USW00014940,2021-08-07,34,NA,211
USW00014940,2021-08-08,34,NA,189
USW00014940,2021-08-09,26,NA,194
USW00014940,2021-08-10,27,NA,211
USW00014940,2021-08-11,43,NA,189
USW00014940,2021-08-12,34,NA,128
USW00014940,2021-08-13,31,NA,94
USW00014940,2021-08-14,19,NA,100
USW00014940,2021-08-15,30,NA,111
USW00014940,2021-08-16,33,NA,133
USW00014940,2021-08-17,41,NA,156
USW00014940,2021-08-18,34,NA,172
USW00014940,2021-08-19,30,NA,178
USW00014940,2021-08-20,54,NA,189
USW00014940,2021-08-21,45,NA,139
USW00014940,2021-08-22,31,NA,128
USW00014940,2021-08-23,30,NA,200
USW00014940,2021-08-24,40,NA,189
USW00014940,2021-08-25,28,NA,189
USW00014940,2021-08-26,31,NA,183
USW00014940,2021-08-27,53,NA,189
USW00014940,2021-08-28,55,NA,200
USW00014940,2021-08-29,36,NA,156
USW00014940,2021-08-30,12,NA,133
USW00014940,2021-08-31,25,NA,139
USW00014940,2021-09-01,29,NA,128
USW00014940,2021-09-02,43,NA,133
USW00014940,2021-09-03,37,NA,161
USW00014940,2021-09-04,38,NA,139
USW00014940,2021-09-05,42,NA,122
USW00014940,2021-09-06,22,NA,122
USW00014940,2021-09-07,64,NA,128
USW00014940,2021-09-08,55,NA,94
USW00014940,2021-09-09,17,NA,89
USW00014940,2021-09-10,31,NA,117
USW00014940,2021-09-11,18,NA,172
USW00014940,2021-09-12,33,NA,128
USW00014940,2021-09-13,34,NA,167
USW00014940,2021-09-14,43,NA,128
USW00014940,2021-09-15,31,NA,106
USW00014940,2021-09-16,63,NA,133
USW00014940,2021-09-17,37,NA,94
USW00014940,2021-09-18,26,NA,100
USW00014940,2021-09-19,58,NA,156
USW00014940,2021-09-20,63,NA,150
USW00014940,2021-09-21,52,NA,72
USW00014940,2021-09-22,24,NA,44
USW00014940,2021-09-23,14,NA,44
USW00014940,2021-09-24,43,NA,67
USW00014940,2021-09-25,42,NA,22
USW00014940,2021-09-26,39,NA,94
USW00014940,2021-09-27,20,NA,106
USW00014940,2021-09-28,42,NA,111
USW00014940,2021-09-29,33,NA,122
USW00014940,2021-09-30,26,NA,144
USW00014940,2021-10-01,38,NA,161
USW00014940,2021-10-02,33,NA,156
USW00014940,2021-10-03,50,NA,100
USW00014940,2021-10-04,28,NA,94
USW00014940,2021-10-05,24,NA,106
USW00014940,2021-10-06,23,NA,139
USW00014940,2021-10-07,25,NA,156
USW00014940,2021-10-08,17,NA,150
USW00014940,2021-10-09,53,NA,144
USW00014940,2021-10-10,56,NA,111
USW00014940,2021-10-11,31,NA,61
USW00014940,2021-10-12,32,NA,83
USW00014940,2021-10-13,72,NA,83
USW00014940,2021-10-14,54,NA,28
USW00014940,2021-10-15,50,NA,11
USW00014940,2021-10-16,53,NA,-6
USW00014940,2021-10-17,28,NA,22
USW00014940,2021-10-18,37,NA,33
USW00014940,2021-10-19,46,NA,61
USW00014940,2021-10-20,51,NA,89
USW00014940,2021-10-21,66,NA,39
USW00014940,2021-10-22,17,NA,-6
USW00014940,2021-10-23,23,NA,-22
USW00014940,2021-10-24,63,NA,17
USW00014940,2021-10-25,36,NA,6
USW00014940,2021-10-26,74,NA,22
USW00014940,2021-10-27,71,NA,50
USW00014940,2021-10-28,57,NA,56
USW00014940,2021-10-29,70,NA,44
USW00014940,2021-10-30,34,NA,28
USW00014940,2021-10-31,74,NA,-17
USW00094910,2018-05-01,67,NA,128
USW00094910,2018-05-02,24,NA,139
USW00094910,2018-05-03,34,NA,156
USW00094910,2018-05-04,48,NA,89
USW00094910,2018-05-05,32,NA,89
USW00094910,2018-05-06,35,NA,78
USW00094910,2018-05-07,27,NA,67
USW00094910,2018-05-08,60,NA,61
USW00094910,2018-05-09,51,NA,117
USW00094910,2018-05-10,43,NA,83
USW00094910,2018-05-11,71,NA,72
USW00094910,2018-05-12,58,NA,83
USW00094910,2018-05-13,29,NA,111
USW00094910,2018-05-14,31,NA,156
USW00094910,2018-05-15,23,NA,122
USW00094910,2018-05-16,12,NA,128
USW00094910,2018-05-17,26,NA,117
USW00094910,2018-05-18,49,NA,133
USW00094910,2018-05-19,30,NA,150
USW00094910,2018-05-20,49,NA,117
USW00094910,2018-05-21,22,NA,133
USW00094910,2018-05-22,16,NA,156
USW00094910,2018-05-23,38,NA,172
USW00094910,2018-05-24,47,NA,172
USW00094910,2018-05-25,44,NA,183
USW00094910,2018-05-26,26,NA,189
USW00094910,2018-05-27,19,NA,172
USW00094910,2018-05-28,30,NA,194
USW00094910,2018-05-29,40,NA,183
USW00094910,2018-05-30,27,NA,183
USW00094910,2018-05-31,19,NA,172
USW00094910,2018-06-01,29,NA,178
USW00094910,2018-06-02,44,NA,150
USW00094910,2018-06-03,64,NA,89
USW00094910,2018-06-04,45,NA,89
USW00094910,2018-06-05,38,NA,150
USW00094910,2018-06-06,36,NA,139
USW00094910,2018-06-07,24,NA,167
USW00094910,2018-06-08,49,NA,172
USW00094910,2018-06-09,51,NA,194
USW00094910,2018-06-10,49,NA,178
USW00094910,2018-06-11,60,NA,178
USW00094910,2018-06-12,24,NA,189
USW00094910,2018-06-13,30,NA,122
USW00094910,2018-06-14,47,NA,156
USW00094910,2018-06-15,54,NA,206
USW00094910,2018-06-16,52,NA,217
USW00094910,2018-06-17,57,NA,222
USW00094910,2018-06-18,28,NA,228
USW00094910,2018-06-19,25,NA,217
USW00094910,2018-06-20,43,NA,206
USW00094910,2018-06-21,57,NA,167
USW00094910,2018-06-22,41,NA,161
USW00094910,2018-06-23,15,NA,161
USW00094910,2018-06-24,30,NA,178
USW00094910,2018-06-25,62,NA,178
USW00094910,2018-06-26,27,NA,189
USW00094910,2018-06-27,21,NA,189
USW00094910,2018-06-28,34,NA,211
USW00094910,2018-06-29,62,NA,228
USW00094910,2018-06-30,46,NA,222
USW00094910,2018-07-01,46,NA,183
USW00094910,2018-07-02,32,NA,172
USW00094910,2018-07-03,47,NA,206
USW00094910,2018-07-04,36,NA,233
USW00094910,2018-07-05,34,NA,206
USW00094910,2018-07-06,29,NA,156
USW00094910,2018-07-07,37,NA,144
USW00094910,2018-07-08,38,NA,161
USW00094910,2018-07-09,32,NA,200
USW00094910,2018-07-10,17,NA,194
USW00094910,2018-07-11,44,NA,194
USW00094910,2018-07-12,50,NA,217
USW00094910,2018-07-13,28,NA,222
USW00094910,2018-07-14,21,NA,222
USW00094910,2018-07-15,8,NA,222
USW00094910,2018-07-16,31,NA,178
USW00094910,2018-07-17,12,NA,178
USW00094910,2018-07-18,22,NA,183
USW00094910,2018-07-19,47,NA,189
USW00094910,2018-07-20,56,NA,183
USW00094910,2018-07-21,54,NA,178
USW00094910,2018-07-22,35,NA,178
USW00094910,2018-07-23,29,NA,189
USW00094910,2018-07-24,34,NA,167
USW00094910,2018-07-25,36,NA,172
USW00094910,2018-07-26,51,NA,139
USW00094910,2018-07-27,27,NA,133
USW00094910,2018-07-28,8,NA,139
USW00094910,2018-07-29,8,NA,144
USW00094910,2018-07-30,18,NA,150
USW00094910,2018-07-31,11,NA,156
USW00094910,2018-08-01,28,NA,172
USW00094910,2018-08-02,29,NA,144
USW00094910,2018-08-03,42,NA,183
USW00094910,2018-08-04,44,NA,183
USW00094910,2018-08-05,48,NA,189
USW00094910,2018-08-06,16,NA,194
USW00094910,2018-08-07,16,NA,183
USW00094910,2018-08-08,21,NA,189
USW00094910,2018-08-09,27,NA,206
USW00094910,2018-08-10,21,NA,194
USW00094910,2018-08-11,10,NA,189
USW00094910,2018-08-12,10,NA,183
USW00094910,2018-08-13,18,NA,183
USW00094910,2018-08-14,21,NA,200
USW00094910,2018-08-15,18,NA,211
USW00094910,2018-08-16,17,NA,200
USW00094910,2018-08-17,27,NA,200
USW00094910,2018-08-18,11,NA,194
USW00094910,2018-08-19,28,NA,194
USW00094910,2018-08-20,69,NA,189
USW00094910,2018-08-21,44,NA,161
USW00094910,2018-08-22,20,NA,122
USW00094910,2018-08-23,37,NA,133
USW00094910,2018-08-24,51,NA,183
USW00094910,2018-08-25,18,NA,194
USW00094910,2018-08-26,39,NA,217
USW00094910,2018-08-27,68,NA,217
USW00094910,2018-08-28,47,NA,206
USW00094910,2018-08-29,33,NA,133
USW00094910,2018-08-30,42,NA,150
USW00094910,2018-08-31,57,NA,189
USW00094910,2018-09-01,44,NA,211
USW00094910,2018-09-02,29,NA,200
USW00094910,2018-09-03,25,NA,206
USW00094910,2018-09-04,40,NA,217
USW00094910,2018-09-05,45,NA,194
USW00094910,2018-09-06,35,NA,144
USW00094910,2018-09-07,33,NA,122
USW00094910,2018-09-08,43,NA,117
USW00094910,2018-09-09,23,NA,100
USW00094910,2018-09-10,15,NA,111
USW00094910,2018-09-11,38,NA,133
USW00094910,2018-09-12,38,NA,144
USW00094910,2018-09-13,41,NA,167
USW00094910,2018-09-14,30,NA,189
USW00094910,2018-09-15,23,NA,183
USW00094910,2018-09-16,22,NA,167
USW00094910,2018-09-17,25,NA,178
USW00094910,2018-09-18,36,NA,172
USW00094910,2018-09-19,38,NA,183
USW00094910,2018-09-20,61,NA,194
USW00094910,2018-09-21,63,NA,100
USW00094910,2018-09-22,21,NA,78
USW00094910,2018-09-23,33,NA,100
USW00094910,2018-09-24,40,NA,133
USW00094910,2018-09-25,35,NA,122
USW00094910,2018-09-26,34,NA,67
USW00094910,2018-09-27,41,NA,78
USW00094910,2018-09-28,36,NA,33
USW00094910,2018-09-29,26,NA,44
USW00094910,2018-09-30,34,NA,78
USW00094910,2018-10-01,36,NA,100
USW00094910,2018-10-02,28,NA,100
USW00094910,2018-10-03,81,NA,172
USW00094910,2018-10-04,57,NA,28
USW00094910,2018-10-05,22,NA,94
USW00094910,2018-10-06,42,NA,72
USW00094910,2018-10-07,47,NA,100
USW00094910,2018-10-08,26,NA,161
USW00094910,2018-10-09,26,NA,183
USW00094910,2018-10-10,71,NA,100
USW00094910,2018-10-11,60,NA,-6
USW00094910,2018-10-12,23,NA,-11
USW00094910,2018-10-13,51,NA,44
USW00094910,2018-10-14,46,NA,22
USW00094910,2018-10-15,43,NA,-22
USW00094910,2018-10-16,53,NA,0
USW00094910,2018-10-17,34,NA,-17
USW00094910,2018-10-18,41,NA,22
USW00094910,2018-10-19,55,NA,56
USW00094910,2018-10-20,65,NA,-39
USW00094910,2018-10-21,36,NA,-28
USW00094910,2018-10-22,26,NA,0
USW00094910,2018-10-23,21,NA,-11
USW00094910,2018-10-24,24,NA,-6
USW00094910,2018-10-25,26,NA,22
USW00094910,2018-10-26,9,NA,28
USW00094910,2018-10-27,18,NA,61
USW00094910,2018-10-28,68,NA,28
USW00094910,2018-10-29,25,NA,22
USW00094910,2018-10-30,45,NA,50
USW00094910,2018-10-31,17,NA,17
USW00094910,2019-05-01,26,NA,61
USW00094910,2019-05-02,26,NA,50
USW00094910,2019-05-03,18,NA,44
USW00094910,2019-05-04,27,NA,56
USW00094910,2019-05-05,34,NA,106
USW00094910,2019-05-06,40,NA,83
USW00094910,2019-05-07,57,NA,56
USW00094910,2019-05-08,75,NA,78
USW00094910,2019-05-09,61,NA,33
USW00094910,2019-05-10,24,NA,28
USW00094910,2019-05-11,34,NA,56
USW00094910,2019-05-12,21,NA,33
USW00094910,2019-05-13,18,NA,33
USW00094910,2019-05-14,31,NA,78
USW00094910,2019-05-15,20,NA,89
USW00094910,2019-05-16,43,NA,139
USW00094910,2019-05-17,51,NA,117
USW00094910,2019-05-18,60,NA,139
USW00094910,2019-05-19,61,NA,78
USW00094910,2019-05-20,51,NA,44
USW00094910,2019-05-21,92,NA,67
USW00094910,2019-05-22,83,NA,100
USW00094910,2019-05-23,45,NA,89
USW00094910,2019-05-24,61,NA,156
USW00094910,2019-05-25,49,NA,150
USW00094910,2019-05-26,17,NA,106
USW00094910,2019-05-27,72,NA,156
USW00094910,2019-05-28,54,NA,117
USW00094910,2019-05-29,24,NA,150
USW00094910,2019-05-30,16,NA,144
USW00094910,2019-05-31,32,NA,128
USW00094910,2019-06-01,40,NA,133
USW00094910,2019-06-02,23,NA,72
USW00094910,2019-06-03,35,NA,106
USW00094910,2019-06-04,46,NA,167
USW00094910,2019-06-05,23,NA,172
USW00094910,2019-06-06,12,NA,167
USW00094910,2019-06-07,38,NA,156
USW00094910,2019-06-08,42,NA,122
USW00094910,2019-06-09,49,NA,133
USW00094910,2019-06-10,41,NA,67
USW00094910,2019-06-11,28,NA,106
USW00094910,2019-06-12,50,NA,111
USW00094910,2019-06-13,33,NA,56
USW00094910,2019-06-14,61,NA,117
USW00094910,2019-06-15,31,NA,161
USW00094910,2019-06-16,30,NA,150
USW00094910,2019-06-17,17,NA,156
USW00094910,2019-06-18,20,NA,172
USW00094910,2019-06-19,23,NA,156
USW00094910,2019-06-20,17,NA,133
USW00094910,2019-06-21,58,NA,133
USW00094910,2019-06-22,49,NA,156
USW00094910,2019-06-23,27,NA,183
USW00094910,2019-06-24,42,NA,156
USW00094910,2019-06-25,36,NA,144
USW00094910,2019-06-26,16,NA,172
USW00094910,2019-06-27,32,NA,189
USW00094910,2019-06-28,31,NA,189
USW00094910,2019-06-29,20,NA,228
USW00094910,2019-06-30,36,NA,222
USW00094910,2019-07-01,40,NA,206
USW00094910,2019-07-02,29,NA,206
USW00094910,2019-07-03,25,NA,206
USW00094910,2019-07-04,28,NA,206
USW00094910,2019-07-05,19,NA,206
USW00094910,2019-07-06,34,NA,194
USW00094910,2019-07-07,22,NA,161
USW00094910,2019-07-08,31,NA,161
USW00094910,2019-07-09,42,NA,194
USW00094910,2019-07-10,48,NA,178
USW00094910,2019-07-11,31,NA,172
USW00094910,2019-07-12,25,NA,172
USW00094910,2019-07-13,20,NA,200
USW00094910,2019-07-14,30,NA,200
USW00094910,2019-07-15,55,NA,200
USW00094910,2019-07-16,28,NA,200
USW00094910,2019-07-17,33,NA,206
USW00094910,2019-07-18,53,NA,233
USW00094910,2019-07-19,53,NA,250
USW00094910,2019-07-20,48,NA,217
USW00094910,2019-07-21,36,NA,172
USW00094910,2019-07-22,39,NA,144
USW00094910,2019-07-23,27,NA,144
USW00094910,2019-07-24,13,NA,144
USW00094910,2019-07-25,30,NA,156
USW00094910,2019-07-26,68,NA,178
USW00094910,2019-07-27,40,NA,194
USW00094910,2019-07-28,42,NA,200
USW00094910,2019-07-29,50,NA,172
USW00094910,2019-07-30,26,NA,133
USW00094910,2019-07-31,17,NA,139
USW00094910,2019-08-01,20,NA,156
USW00094910,2019-08-02,20,NA,139
USW00094910,2019-08-03,11,NA,150
USW00094910,2019-08-04,14,NA,167
USW00094910,2019-08-05,41,NA,189
USW00094910,2019-08-06,21,NA,172
USW00094910,2019-08-07,31,NA,183
USW00094910,2019-08-08,27,NA,144
USW00094910,2019-08-09,14,NA,133
USW00094910,2019-08-10,41,NA,161
USW00094910,2019-08-11,18,NA,200
USW00094910,2019-08-12,21,NA,206
USW00094910,2019-08-13,34,NA,189
USW00094910,2019-08-14,30,NA,161
USW00094910,2019-08-15,20,NA,156
USW00094910,2019-08-16,26,NA,161
USW00094910,2019-08-17,36,NA,172
USW00094910,2019-08-18,34,NA,172
USW00094910,2019-08-19,15,NA,150
USW00094910,2019-08-20,29,NA,194
USW00094910,2019-08-21,25,NA,178
USW00094910,2019-08-22,10,NA,144
USW00094910,2019-08-23,31,NA,133
USW00094910,2019-08-24,44,NA,128
USW00094910,2019-08-25,51,NA,133
USW00094910,2019-08-26,25,NA,161
USW00094910,2019-08-27,50,NA,117
USW00094910,2019-08-28,48,NA,106
USW00094910,2019-08-29,38,NA,133
USW00094910,2019-08-30,22,NA,111
USW00094910,2019-08-31,18,NA,NA
USW00094910,2019-09-01,15,NA,150
USW00094910,2019-09-02,31,NA,183
USW00094910,2019-09-03,51,NA,172
USW00094910,2019-09-04,26,NA,111
USW00094910,2019-09-05,42,NA,150
USW00094910,2019-09-06,45,NA,139
USW00094910,2019-09-07,18,NA,144
USW00094910,2019-09-08,44,NA,144
USW00094910,2019-09-09,53,NA,172
USW00094910,2019-09-10,38,NA,200
USW00094910,2019-09-11,31,NA,206
USW00094910,2019-09-12,55,NA,206
USW00094910,2019-09-13,47,NA,117
USW00094910,2019-09-14,32,NA,139
USW00094910,2019-09-15,21,NA,189
USW00094910,2019-09-16,38,NA,183
USW00094910,2019-09-17,54,NA,189
USW00094910,2019-09-18,41,NA,194
USW00094910,2019-09-19,37,NA,194
USW00094910,2019-09-20,42,NA,200
USW00094910,2019-09-21,61,NA,206
USW00094910,2019-09-22,27,NA,161
USW00094910,2019-09-23,22,NA,122
USW00094910,2019-09-24,63,NA,167
USW00094910,2019-09-25,38,NA,122
USW00094910,2019-09-26,42,NA,83
USW00094910,2019-09-27,36,NA,139
USW00094910,2019-09-28,52,NA,117
USW00094910,2019-09-29,48,NA,144
USW00094910,2019-09-30,66,NA,200
USW00094910,2019-10-01,28,NA,189
USW00094910,2019-10-02,42,NA,133
USW00094910,2019-10-03,58,NA,67
USW00094910,2019-10-04,39,NA,56
USW00094910,2019-10-05,54,NA,89
USW00094910,2019-10-06,42,NA,50
USW00094910,2019-10-07,25,NA,44
USW00094910,2019-10-08,44,NA,50
USW00094910,2019-10-09,45,NA,72
USW00094910,2019-10-10,53,NA,128
USW00094910,2019-10-11,78,NA,-17
USW00094910,2019-10-12,69,NA,-22
USW00094910,2019-10-13,47,NA,-11
USW00094910,2019-10-14,22,NA,0
USW00094910,2019-10-15,54,NA,33
USW00094910,2019-10-16,39,NA,17
USW00094910,2019-10-17,23,NA,28
USW00094910,2019-10-18,75,NA,83
USW00094910,2019-10-19,25,NA,106
USW00094910,2019-10-20,29,NA,50
USW00094910,2019-10-21,82,NA,106
USW00094910,2019-10-22,83,NA,44
USW00094910,2019-10-23,28,NA,44
USW00094910,2019-10-24,26,NA,33
USW00094910,2019-10-25,15,NA,-6
USW00094910,2019-10-26,22,NA,6
USW00094910,2019-10-27,38,NA,50
USW00094910,2019-10-28,38,NA,-17
USW00094910,2019-10-29,19,NA,6
USW00094910,2019-10-30,46,NA,-61
USW00094910,2019-10-31,43,NA,-67
USW00094910,2020-05-01,55,NA,44
USW00094910,2020-05-02,44,NA,50
USW00094910,2020-05-03,32,NA,17
USW00094910,2020-05-04,49,NA,17
USW00094910,2020-05-05,41,NA,50
USW00094910,2020-05-06,39,NA,44
USW00094910,2020-05-07,40,NA,28
USW00094910,2020-05-08,66,NA,-67
USW00094910,2020-05-09,47,NA,-17
USW00094910,2020-05-10,78,NA,0
USW00094910,2020-05-11,34,NA,-22
USW00094910,2020-05-12,14,NA,-44
USW00094910,2020-05-13,60,NA,56
USW00094910,2020-05-14,17,NA,128
USW00094910,2020-05-15,26,NA,78
USW00094910,2020-05-16,51,NA,111
USW00094910,2020-05-17,58,NA,117
USW00094910,2020-05-18,60,NA,100
USW00094910,2020-05-19,52,NA,89
USW00094910,2020-05-20,50,NA,106
USW00094910,2020-05-21,43,NA,83
USW00094910,2020-05-22,34,NA,122
USW00094910,2020-05-23,38,NA,150
USW00094910,2020-05-24,28,NA,161
USW00094910,2020-05-25,33,NA,172
USW00094910,2020-05-26,47,NA,183
USW00094910,2020-05-27,30,NA,183
USW00094910,2020-05-28,40,NA,144
USW00094910,2020-05-29,45,NA,83
USW00094910,2020-05-30,29,NA,78
USW00094910,2020-05-31,30,NA,78
USW00094910,2020-06-01,71,NA,139
USW00094910,2020-06-02,63,NA,167
USW00094910,2020-06-03,27,NA,167
USW00094910,2020-06-04,27,NA,178
USW00094910,2020-06-05,40,NA,167
USW00094910,2020-06-06,39,NA,133
USW00094910,2020-06-07,68,NA,144
USW00094910,2020-06-08,54,NA,144
USW00094910,2020-06-09,43,NA,172
USW00094910,2020-06-10,67,NA,122
USW00094910,2020-06-11,42,NA,100
USW00094910,2020-06-12,21,NA,111
USW00094910,2020-06-13,60,NA,78
USW00094910,2020-06-14,67,NA,83
USW00094910,2020-06-15,63,NA,94
USW00094910,2020-06-16,50,NA,94
USW00094910,2020-06-17,49,NA,122
USW00094910,2020-06-18,49,NA,167
USW00094910,2020-06-19,25,NA,194
USW00094910,2020-06-20,26,NA,178
USW00094910,2020-06-21,35,NA,183
USW00094910,2020-06-22,30,NA,161
USW00094910,2020-06-23,41,NA,139
USW00094910,2020-06-24,18,NA,139
USW00094910,2020-06-25,23,NA,144
USW00094910,2020-06-26,28,NA,194
USW00094910,2020-06-27,12,NA,183
USW00094910,2020-06-28,51,NA,206
USW00094910,2020-06-29,53,NA,217
USW00094910,2020-06-30,55,NA,211
USW00094910,2020-07-01,31,NA,206
USW00094910,2020-07-02,25,NA,200
USW00094910,2020-07-03,14,NA,183
USW00094910,2020-07-04,14,NA,194
USW00094910,2020-07-05,5,NA,200
USW00094910,2020-07-06,18,NA,200
USW00094910,2020-07-07,32,NA,206
USW00094910,2020-07-08,41,NA,217
USW00094910,2020-07-09,46,NA,200
USW00094910,2020-07-10,27,NA,189
USW00094910,2020-07-11,24,NA,189
USW00094910,2020-07-12,26,NA,172
USW00094910,2020-07-13,39,NA,178
USW00094910,2020-07-14,52,NA,194
USW00094910,2020-07-15,31,NA,167
USW00094910,2020-07-16,18,NA,150
USW00094910,2020-07-17,44,NA,211
USW00094910,2020-07-18,58,NA,233
USW00094910,2020-07-19,43,NA,172
USW00094910,2020-07-20,13,NA,178
USW00094910,2020-07-21,33,NA,189
USW00094910,2020-07-22,32,NA,161
USW00094910,2020-07-23,22,NA,167
USW00094910,2020-07-24,48,NA,206
USW00094910,2020-07-25,47,NA,228
USW00094910,2020-07-26,41,NA,228
USW00094910,2020-07-27,34,NA,161
USW00094910,2020-07-28,44,NA,161
USW00094910,2020-07-29,20,NA,189
USW00094910,2020-07-30,45,NA,172
USW00094910,2020-07-31,12,NA,156
USW00094910,2020-08-01,19,NA,150
USW00094910,2020-08-02,47,NA,150
USW00094910,2020-08-03,42,NA,94
USW00094910,2020-08-04,10,NA,94
USW00094910,2020-08-05,25,NA,106
USW00094910,2020-08-06,51,NA,139
USW00094910,2020-08-07,64,NA,167
USW00094910,2020-08-08,49,NA,200
USW00094910,2020-08-09,46,NA,211
USW00094910,2020-08-10,37,NA,183
USW00094910,2020-08-11,15,NA,133
USW00094910,2020-08-12,39,NA,167
USW00094910,2020-08-13,41,NA,189
USW00094910,2020-08-14,43,NA,189
USW00094910,2020-08-15,42,NA,144
USW00094910,2020-08-16,25,NA,144
USW00094910,2020-08-17,39,NA,144
USW00094910,2020-08-18,17,NA,117
USW00094910,2020-08-19,24,NA,122
USW00094910,2020-08-20,43,NA,133
USW00094910,2020-08-21,36,NA,150
USW00094910,2020-08-22,33,NA,189
USW00094910,2020-08-23,13,NA,194
USW00094910,2020-08-24,23,NA,206
USW00094910,2020-08-25,35,NA,194
USW00094910,2020-08-26,47,NA,189
USW00094910,2020-08-27,41,NA,200
USW00094910,2020-08-28,52,NA,194
USW00094910,2020-08-29,38,NA,122
USW00094910,2020-08-30,38,NA,111
USW00094910,2020-08-31,43,NA,111
USW00094910,2020-09-01,26,NA,117
USW00094910,2020-09-02,34,NA,111
USW00094910,2020-09-03,62,NA,94
USW00094910,2020-09-04,26,NA,83
USW00094910,2020-09-05,30,NA,94
USW00094910,2020-09-06,73,NA,172
USW00094910,2020-09-07,52,NA,83
USW00094910,2020-09-08,66,NA,83
USW00094910,2020-09-09,52,NA,78
USW00094910,2020-09-10,40,NA,89
USW00094910,2020-09-11,37,NA,122
USW00094910,2020-09-12,25,NA,133
USW00094910,2020-09-13,19,NA,122
USW00094910,2020-09-14,24,NA,133
USW00094910,2020-09-15,43,NA,139
USW00094910,2020-09-16,44,NA,128
USW00094910,2020-09-17,33,NA,67
USW00094910,2020-09-18,25,NA,56
USW00094910,2020-09-19,46,NA,61
USW00094910,2020-09-20,55,NA,56
USW00094910,2020-09-21,45,NA,100
USW00094910,2020-09-22,21,NA,117
USW00094910,2020-09-23,24,NA,128
USW00094910,2020-09-24,35,NA,150
USW00094910,2020-09-25,57,NA,156
USW00094910,2020-09-26,61,NA,156
USW00094910,2020-09-27,43,NA,106
USW00094910,2020-09-28,45,NA,72
USW00094910,2020-09-29,35,NA,61
USW00094910,2020-09-30,64,NA,44
USW00094910,2020-10-01,52,NA,39
USW00094910,2020-10-02,16,NA,6
USW00094910,2020-10-03,18,NA,28
USW00094910,2020-10-04,17,NA,0
USW00094910,2020-10-05,64,NA,33
USW00094910,2020-10-06,42,NA,61
USW00094910,2020-10-07,29,NA,50
USW00094910,2020-10-08,29,NA,33
USW00094910,2020-10-09,63,NA,117
USW00094910,2020-10-10,34,NA,61
USW00094910,2020-10-11,64,NA,117
USW00094910,2020-10-12,56,NA,33
USW00094910,2020-10-13,43,NA,6
USW00094910,2020-10-14,67,NA,22
USW00094910,2020-10-15,62,NA,-56
USW00094910,2020-10-16,48,NA,-39
USW00094910,2020-10-17,75,NA,-6
USW00094910,2020-10-18,48,NA,-56
USW00094910,2020-10-19,24,NA,-44
USW00094910,2020-10-20,43,NA,6
USW00094910,2020-10-21,31,NA,17
USW00094910,2020-10-22,61,NA,44
USW00094910,2020-10-23,76,NA,0
USW00094910,2020-10-24,36,NA,-56
USW00094910,2020-10-25,52,NA,-50
USW00094910,2020-10-26,42,NA,-72
USW00094910,2020-10-27,32,NA,-83
USW00094910,2020-10-28,42,NA,-33
USW00094910,2020-10-29,48,NA,-17
USW00094910,2020-10-30,31,NA,-33
USW00094910,2020-10-31,74,NA,6
USW00094910,2021-05-01,91,NA,44
USW00094910,2021-05-02,62,NA,128
USW00094910,2021-05-03,48,NA,128
USW00094910,2021-05-04,56,NA,22
USW00094910,2021-05-05,29,NA,11
USW00094910,2021-05-06,56,NA,11
USW00094910,2021-05-07,46,NA,-17
USW00094910,2021-05-08,50,NA,-11
USW00094910,2021-05-09,44,NA,17
USW00094910,2021-05-10,32,NA,28
USW00094910,2021-05-11,24,NA,-22
USW00094910,2021-05-12,14,NA,-17
USW00094910,2021-05-13,24,NA,-6
USW00094910,2021-05-14,39,NA,33
USW00094910,2021-05-15,46,NA,117
USW00094910,2021-05-16,32,NA,122
USW00094910,2021-05-17,60,NA,117
USW00094910,2021-05-18,60,NA,156
USW00094910,2021-05-19,55,NA,178
USW00094910,2021-05-20,57,NA,183
USW00094910,2021-05-21,59,NA,189
USW00094910,2021-05-22,41,NA,189
USW00094910,2021-05-23,38,NA,178
USW00094910,2021-05-24,56,NA,172
USW00094910,2021-05-25,56,NA,172
USW00094910,2021-05-26,41,NA,106
USW00094910,2021-05-27,74,NA,78
USW00094910,2021-05-28,51,NA,44
USW00094910,2021-05-29,27,NA,22
USW00094910,2021-05-30,14,NA,67
USW00094910,2021-05-31,27,NA,94
USW00094910,2021-06-01,34,NA,111
USW00094910,2021-06-02,17,NA,100
USW00094910,2021-06-03,47,NA,83
USW00094910,2021-06-04,60,NA,111
USW00094910,2021-06-05,57,NA,150
USW00094910,2021-06-06,57,NA,167
USW00094910,2021-06-07,36,NA,183
USW00094910,2021-06-08,21,NA,183
USW00094910,2021-06-09,25,NA,189
USW00094910,2021-06-10,25,NA,194
USW00094910,2021-06-11,28,NA,178
USW00094910,2021-06-12,47,NA,100
USW00094910,2021-06-13,26,NA,100
USW00094910,2021-06-14,34,NA,94
USW00094910,2021-06-15,28,NA,111
USW00094910,2021-06-16,41,NA,111
USW00094910,2021-06-17,59,NA,161
USW00094910,2021-06-18,21,NA,144
USW00094910,2021-06-19,31,NA,106
USW00094910,2021-06-20,57,NA,167
USW00094910,2021-06-21,61,NA,72
USW00094910,2021-06-22,34,NA,111
USW00094910,2021-06-23,67,NA,167
USW00094910,2021-06-24,43,NA,189
USW00094910,2021-06-25,27,NA,200
USW00094910,2021-06-26,42,NA,206
USW00094910,2021-06-27,28,NA,172
USW00094910,2021-06-28,30,NA,189
USW00094910,2021-06-29,29,NA,200
USW00094910,2021-06-30,17,NA,172
USW00094910,2021-07-01,23,NA,156
USW00094910,2021-07-02,24,NA,150
USW00094910,2021-07-03,17,NA,150
USW00094910,2021-07-04,51,NA,189
USW00094910,2021-07-05,53,NA,194
USW00094910,2021-07-06,44,NA,189
USW00094910,2021-07-07,34,NA,178
USW00094910,2021-07-08,26,NA,156
USW00094910,2021-07-09,46,NA,167
USW00094910,2021-07-10,46,NA,150
USW00094910,2021-07-11,47,NA,128
USW00094910,2021-07-12,19,NA,144
USW00094910,2021-07-13,24,NA,161
USW00094910,2021-07-14,45,NA,200
USW00094910,2021-07-15,27,NA,172
USW00094910,2021-07-16,19,NA,161
USW00094910,2021-07-17,13,NA,167
USW00094910,2021-07-18,17,NA,161
USW00094910,2021-07-19,15,NA,161
USW00094910,2021-07-20,19,NA,178
USW00094910,2021-07-21,25,NA,206
USW00094910,2021-07-22,43,NA,200
USW00094910,2021-07-23,44,NA,211
USW00094910,2021-07-24,40,NA,206
USW00094910,2021-07-25,23,NA,150
USW00094910,2021-07-26,29,NA,172
USW00094910,2021-07-27,44,NA,200
USW00094910,2021-07-28,38,NA,233
USW00094910,2021-07-29,47,NA,206
USW00094910,2021-07-30,21,NA,178
USW00094910,2021-07-31,24,NA,167
USW00094910,2021-08-01,34,NA,128
USW00094910,2021-08-02,14,NA,117
USW00094910,2021-08-03,9,NA,122
USW00094910,2021-08-04,25,NA,133
USW00094910,2021-08-05,43,NA,172
USW00094910,2021-08-06,28,NA,183
USW00094910,2021-08-07,49,NA,217
USW00094910,2021-08-08,55,NA,194
USW00094910,2021-08-09,26,NA,206
USW00094910,2021-08-10,35,NA,222
USW00094910,2021-08-11,49,NA,217
USW00094910,2021-08-12,31,NA,161
USW00094910,2021-08-13,24,NA,122
USW00094910,2021-08-14,11,NA,100
USW00094910,2021-08-15,27,NA,111
USW00094910,2021-08-16,28,NA,117
USW00094910,2021-08-17,26,NA,150
USW00094910,2021-08-18,32,NA,167
USW00094910,2021-08-19,25,NA,183
USW00094910,2021-08-20,58,NA,194
USW00094910,2021-08-21,39,NA,167
USW00094910,2021-08-22,28,NA,139
USW00094910,2021-08-23,38,NA,206
USW00094910,2021-08-24,44,NA,206
USW00094910,2021-08-25,35,NA,211
USW00094910,2021-08-26,38,NA,211
USW00094910,2021-08-27,55,NA,211
USW00094910,2021-08-28,42,NA,211
USW00094910,2021-08-29,33,NA,178
USW00094910,2021-08-30,9,NA,156
USW00094910,2021-08-31,27,NA,161
USW00094910,2021-09-01,30,NA,144
USW00094910,2021-09-02,47,NA,139
USW00094910,2021-09-03,41,NA,172
USW00094910,2021-09-04,32,NA,161
USW00094910,2021-09-05,27,NA,128
USW00094910,2021-09-06,16,NA,139
USW00094910,2021-09-07,54,NA,144
USW00094910,2021-09-08,46,NA,106
USW00094910,2021-09-09,13,NA,106
USW00094910,2021-09-10,31,NA,128
USW00094910,2021-09-11,20,NA,183
USW00094910,2021-09-12,30,NA,172
USW00094910,2021-09-13,40,NA,183
USW00094910,2021-09-14,36,NA,144
USW00094910,2021-09-15,17,NA,106
USW00094910,2021-09-16,58,NA,128
USW00094910,2021-09-17,35,NA,128
USW00094910,2021-09-18,22,NA,122
USW00094910,2021-09-19,50,NA,167
USW00094910,2021-09-20,63,NA,178
USW00094910,2021-09-21,48,NA,89
USW00094910,2021-09-22,24,NA,67
USW00094910,2021-09-23,11,NA,56
USW00094910,2021-09-24,35,NA,94
USW00094910,2021-09-25,34,NA,39
USW00094910,2021-09-26,31,NA,100
USW00094910,2021-09-27,17,NA,122
USW00094910,2021-09-28,35,NA,122
USW00094910,2021-09-29,27,NA,133
USW00094910,2021-09-30,30,NA,144
USW00094910,2021-10-01,34,NA,167
USW00094910,2021-10-02,24,NA,167
USW00094910,2021-10-03,41,NA,122
USW00094910,2021-10-04,27,NA,128
USW00094910,2021-10-05,22,NA,128
USW00094910,2021-10-06,34,NA,156
USW00094910,2021-10-07,18,NA,172
USW00094910,2021-10-08,21,NA,167
USW00094910,2021-10-09,51,NA,161
USW00094910,2021-10-10,36,NA,144
USW00094910,2021-10-11,33,NA,106
USW00094910,2021-10-12,29,NA,100
USW00094910,2021-10-13,54,NA,117
USW00094910,2021-10-14,34,NA,44
USW00094910,2021-10-15,32,NA,28
USW00094910,2021-10-16,42,NA,6
USW00094910,2021-10-17,12,NA,28
USW00094910,2021-10-18,30,NA,50
USW00094910,2021-10-19,40,NA,72
USW00094910,2021-10-20,51,NA,94
USW00094910,2021-10-21,55,NA,56
USW00094910,2021-10-22,12,NA,6
USW00094910,2021-10-23,20,NA,-11
USW00094910,2021-10-24,68,NA,33
USW00094910,2021-10-25,38,NA,22
USW00094910,2021-10-26,52,NA,28
USW00094910,2021-10-27,70,NA,50
USW00094910,2021-10-28,65,NA,61
USW00094910,2021-10-29,74,NA,67
USW00094910,2021-10-30,22,NA,44
USW00094910,2021-10-31,61,NA,-6
USW00094991,2018-05-01,69,NA,139
USW00094991,2018-05-02,54,NA,161
USW00094991,2018-05-03,47,NA,161
USW00094991,2018-05-04,43,NA,94
USW00094991,2018-05-05,40,NA,83
USW00094991,2018-05-06,39,NA,100
USW00094991,2018-05-07,28,NA,72
USW00094991,2018-05-08,55,NA,106
USW00094991,2018-05-09,44,NA,122
USW00094991,2018-05-10,35,NA,122
USW00094991,2018-05-11,48,NA,133
USW00094991,2018-05-12,49,NA,117
USW00094991,2018-05-13,36,NA,156
USW00094991,2018-05-14,25,NA,178
USW00094991,2018-05-15,29,NA,167
USW00094991,2018-05-16,18,NA,156
USW00094991,2018-05-17,22,NA,133
USW00094991,2018-05-18,23,NA,133
USW00094991,2018-05-19,31,NA,167
USW00094991,2018-05-20,28,NA,156
USW00094991,2018-05-21,30,NA,156
USW00094991,2018-05-22,22,NA,161
USW00094991,2018-05-23,32,NA,178
USW00094991,2018-05-24,37,NA,183
USW00094991,2018-05-25,42,NA,183
USW00094991,2018-05-26,26,NA,200
USW00094991,2018-05-27,29,NA,200
USW00094991,2018-05-28,21,NA,194
USW00094991,2018-05-29,13,NA,156
USW00094991,2018-05-31,34,NA,111
USW00094991,2018-06-01,24,NA,167
USW00094991,2018-06-02,58,NA,161
USW00094991,2018-06-03,54,NA,106
USW00094991,2018-06-04,32,NA,100
USW00094991,2018-06-05,36,NA,139
USW00094991,2018-06-06,47,NA,172
USW00094991,2018-06-07,28,NA,178
USW00094991,2018-06-08,25,NA,189
USW00094991,2018-06-09,38,NA,200
USW00094991,2018-06-10,26,NA,189
USW00094991,2018-06-11,35,NA,206
USW00094991,2018-06-12,21,NA,200
USW00094991,2018-06-13,31,NA,144
USW00094991,2018-06-14,45,NA,172
USW00094991,2018-06-15,51,NA,200
USW00094991,2018-06-16,49,NA,206
USW00094991,2018-06-17,53,NA,211
USW00094991,2018-06-18,47,NA,217
USW00094991,2018-06-19,34,NA,211
USW00094991,2018-06-20,42,NA,194
USW00094991,2018-06-21,38,NA,161
USW00094991,2018-06-22,30,NA,161
USW00094991,2018-06-23,15,NA,167
USW00094991,2018-06-24,32,NA,183
USW00094991,2018-06-25,35,NA,194
USW00094991,2018-06-26,38,NA,178
USW00094991,2018-06-27,20,NA,194
USW00094991,2018-06-28,35,NA,217
USW00094991,2018-06-29,57,NA,228
USW00094991,2018-06-30,47,NA,228
USW00094991,2018-07-01,41,NA,194
USW00094991,2018-07-02,21,NA,183
USW00094991,2018-07-03,34,NA,217
USW00094991,2018-07-04,32,NA,222
USW00094991,2018-07-05,33,NA,217
USW00094991,2018-07-06,28,NA,178
USW00094991,2018-07-07,25,NA,150
USW00094991,2018-07-08,27,NA,133
USW00094991,2018-07-09,22,NA,183
USW00094991,2018-07-10,15,NA,206
USW00094991,2018-07-11,30,NA,206
USW00094991,2018-07-12,30,NA,200
USW00094991,2018-07-13,32,NA,211
USW00094991,2018-07-14,18,NA,211
USW00094991,2018-07-15,25,NA,200
USW00094991,2018-07-16,33,NA,200
USW00094991,2018-07-17,22,NA,178
USW00094991,2018-07-18,22,NA,178
USW00094991,2018-07-19,43,NA,194
USW00094991,2018-07-20,50,NA,167
USW00094991,2018-07-21,47,NA,167
USW00094991,2018-07-22,38,NA,167
USW00094991,2018-07-23,27,NA,178
USW00094991,2018-07-24,41,NA,144
USW00094991,2018-07-25,31,NA,150
USW00094991,2018-07-26,45,NA,139
USW00094991,2018-07-27,25,NA,133
USW00094991,2018-07-28,13,NA,156
USW00094991,2018-07-29,25,NA,167
USW00094991,2018-07-30,16,NA,156
USW00094991,2018-07-31,21,NA,150
USW00094991,2018-08-01,26,NA,144
USW00094991,2018-08-02,19,NA,183
USW00094991,2018-08-03,41,NA,150
USW00094991,2018-08-04,51,NA,150
USW00094991,2018-08-05,48,NA,167
USW00094991,2018-08-06,33,NA,200
USW00094991,2018-08-07,29,NA,194
USW00094991,2018-08-08,9,NA,172
USW00094991,2018-08-09,26,NA,183
USW00094991,2018-08-10,31,NA,172
USW00094991,2018-08-11,16,NA,172
USW00094991,2018-08-12,25,NA,161
USW00094991,2018-08-13,25,NA,178
USW00094991,2018-08-14,24,NA,194
USW00094991,2018-08-15,17,NA,194
USW00094991,2018-08-17,33,NA,183
USW00094991,2018-08-18,13,NA,183
USW00094991,2018-08-19,28,NA,194
USW00094991,2018-08-20,43,NA,194
USW00094991,2018-08-21,45,NA,167
USW00094991,2018-08-22,17,NA,128
USW00094991,2018-08-23,41,NA,150
USW00094991,2018-08-24,42,NA,200
USW00094991,2018-08-25,31,NA,217
USW00094991,2018-08-26,47,NA,222
USW00094991,2018-08-27,67,NA,217
USW00094991,2018-08-28,43,NA,211
USW00094991,2018-08-29,35,NA,139
USW00094991,2018-08-30,37,NA,167
USW00094991,2018-08-31,55,NA,194
USW00094991,2018-08-16,30,NA,NA
USW00094991,2018-09-01,39,NA,217
USW00094991,2018-09-02,30,NA,206
USW00094991,2018-09-03,29,NA,211
USW00094991,2018-09-04,46,NA,217
USW00094991,2018-09-05,41,NA,211
USW00094991,2018-09-06,47,NA,189
USW00094991,2018-09-07,47,NA,161
USW00094991,2018-09-08,38,NA,133
USW00094991,2018-09-09,20,NA,133
USW00094991,2018-09-10,14,NA,128
USW00094991,2018-09-11,41,NA,150
USW00094991,2018-09-12,34,NA,156
USW00094991,2018-09-13,38,NA,183
USW00094991,2018-09-14,31,NA,200
USW00094991,2018-09-15,17,NA,194
USW00094991,2018-09-16,22,NA,183
USW00094991,2018-09-17,31,NA,183
USW00094991,2018-09-18,38,NA,189
USW00094991,2018-09-19,29,NA,211
USW00094991,2018-09-20,60,NA,200
USW00094991,2018-09-21,52,NA,117
USW00094991,2018-09-22,21,NA,83
USW00094991,2018-09-23,27,NA,117
USW00094991,2018-09-24,36,NA,144
USW00094991,2018-09-25,42,NA,139
USW00094991,2018-09-26,34,NA,61
USW00094991,2018-09-27,45,NA,67
USW00094991,2018-09-28,34,NA,61
USW00094991,2018-09-29,23,NA,72
USW00094991,2018-09-30,37,NA,106
USW00094991,2018-10-01,35,NA,144
USW00094991,2018-10-02,23,NA,156
USW00094991,2018-10-03,73,NA,189
USW00094991,2018-10-04,51,NA,50
USW00094991,2018-10-05,27,NA,128
USW00094991,2018-10-06,48,NA,94
USW00094991,2018-10-07,29,NA,122
USW00094991,2018-10-08,33,NA,178
USW00094991,2018-10-09,38,NA,183
USW00094991,2018-10-10,68,NA,67
USW00094991,2018-10-11,51,NA,11
USW00094991,2018-10-12,13,NA,28
USW00094991,2018-10-13,40,NA,50
USW00094991,2018-10-14,47,NA,28
USW00094991,2018-10-15,41,NA,-22
USW00094991,2018-10-16,46,NA,11
USW00094991,2018-10-17,26,NA,17
USW00094991,2018-10-18,36,NA,39
USW00094991,2018-10-19,54,NA,72
USW00094991,2018-10-20,55,NA,-17
USW00094991,2018-10-21,49,NA,-11
USW00094991,2018-10-22,29,NA,22
USW00094991,2018-10-23,27,NA,0
USW00094991,2018-10-24,21,NA,6
USW00094991,2018-10-25,20,NA,33
USW00094991,2018-10-26,24,NA,44
USW00094991,2018-10-27,32,NA,50
USW00094991,2018-10-28,62,NA,22
USW00094991,2018-10-29,32,NA,22
USW00094991,2018-10-30,35,NA,67
USW00094991,2018-10-31,32,NA,28
USW00094991,2019-05-01,26,NA,94
USW00094991,2019-05-02,31,NA,67
USW00094991,2019-05-03,20,NA,67
USW00094991,2019-05-04,19,NA,61
USW00094991,2019-05-05,46,NA,94
USW00094991,2019-05-06,36,NA,117
USW00094991,2019-05-07,46,NA,106
USW00094991,2019-05-08,57,NA,122
USW00094991,2019-05-09,53,NA,33
USW00094991,2019-05-10,23,NA,39
USW00094991,2019-05-11,20,NA,67
USW00094991,2019-05-12,18,NA,61
USW00094991,2019-05-13,15,NA,61
USW00094991,2019-05-14,36,NA,111
USW00094991,2019-05-15,26,NA,122
USW00094991,2019-05-16,62,NA,161
USW00094991,2019-05-17,49,NA,161
USW00094991,2019-05-18,38,NA,156
USW00094991,2019-05-19,53,NA,100
USW00094991,2019-05-20,45,NA,56
USW00094991,2019-05-21,57,NA,89
USW00094991,2019-05-22,60,NA,106
USW00094991,2019-05-23,25,NA,106
USW00094991,2019-05-24,43,NA,167
USW00094991,2019-05-25,41,NA,178
USW00094991,2019-05-26,28,NA,172
USW00094991,2019-05-27,38,NA,183
USW00094991,2019-05-28,37,NA,144
USW00094991,2019-05-29,37,NA,156
USW00094991,2019-05-30,27,NA,133
USW00094991,2019-05-31,30,NA,150
USW00094991,2019-06-01,36,NA,144
USW00094991,2019-06-02,23,NA,94
USW00094991,2019-06-03,31,NA,117
USW00094991,2019-06-04,47,NA,183
USW00094991,2019-06-05,30,NA,194
USW00094991,2019-06-06,19,NA,189
USW00094991,2019-06-07,23,NA,172
USW00094991,2019-06-08,17,NA,144
USW00094991,2019-06-09,48,NA,133
USW00094991,2019-06-10,39,NA,72
USW00094991,2019-06-11,42,NA,83
USW00094991,2019-06-12,51,NA,94
USW00094991,2019-06-13,35,NA,67
USW00094991,2019-06-14,52,NA,133
USW00094991,2019-06-15,43,NA,183
USW00094991,2019-06-16,25,NA,172
USW00094991,2019-06-17,20,NA,161
USW00094991,2019-06-18,18,NA,161
USW00094991,2019-06-19,33,NA,172
USW00094991,2019-06-20,19,NA,167
USW00094991,2019-06-21,33,NA,178
USW00094991,2019-06-22,27,NA,189
USW00094991,2019-06-23,20,NA,178
USW00094991,2019-06-24,53,NA,150
USW00094991,2019-06-25,47,NA,167
USW00094991,2019-06-26,35,NA,178
USW00094991,2019-06-27,44,NA,217
USW00094991,2019-06-28,45,NA,211
USW00094991,2019-06-29,35,NA,233
USW00094991,2019-06-30,37,NA,222
USW00094991,2019-07-01,44,NA,206
USW00094991,2019-07-02,37,NA,211
USW00094991,2019-07-03,37,NA,211
USW00094991,2019-07-04,26,NA,200
USW00094991,2019-07-05,22,NA,211
USW00094991,2019-07-06,37,NA,200
USW00094991,2019-07-07,22,NA,189
USW00094991,2019-07-08,22,NA,189
USW00094991,2019-07-09,43,NA,200
USW00094991,2019-07-10,44,NA,178
USW00094991,2019-07-11,35,NA,178
USW00094991,2019-07-12,20,NA,183
USW00094991,2019-07-13,20,NA,189
USW00094991,2019-07-14,28,NA,200
USW00094991,2019-07-15,40,NA,189
USW00094991,2019-07-16,20,NA,200
USW00094991,2019-07-17,43,NA,222
USW00094991,2019-07-18,67,NA,222
USW00094991,2019-07-19,58,NA,233
USW00094991,2019-07-20,46,NA,222
USW00094991,2019-07-21,29,NA,200
USW00094991,2019-07-22,50,NA,150
USW00094991,2019-07-23,25,NA,133
USW00094991,2019-07-24,18,NA,144
USW00094991,2019-07-25,33,NA,161
USW00094991,2019-07-26,50,NA,172
USW00094991,2019-07-27,47,NA,178
USW00094991,2019-07-28,47,NA,189
USW00094991,2019-07-29,38,NA,172
USW00094991,2019-07-30,22,NA,156
USW00094991,2019-07-31,16,NA,167
USW00094991,2019-08-01,23,NA,178
USW00094991,2019-08-02,21,NA,161
USW00094991,2019-08-03,17,NA,178
USW00094991,2019-08-04,9,NA,172
USW00094991,2019-08-05,37,NA,200
USW00094991,2019-08-06,31,NA,189
USW00094991,2019-08-07,23,NA,189
USW00094991,2019-08-08,21,NA,206
USW00094991,2019-08-09,16,NA,150
USW00094991,2019-08-10,28,NA,200
USW00094991,2019-08-11,22,NA,217
USW00094991,2019-08-12,33,NA,217
USW00094991,2019-08-13,38,NA,194
USW00094991,2019-08-14,42,NA,156
USW00094991,2019-08-15,18,NA,172
USW00094991,2019-08-16,25,NA,194
USW00094991,2019-08-17,39,NA,200
USW00094991,2019-08-18,44,NA,194
USW00094991,2019-08-19,14,NA,217
USW00094991,2019-08-20,29,NA,222
USW00094991,2019-08-21,33,NA,206
USW00094991,2019-08-22,24,NA,161
USW00094991,2019-08-23,26,NA,156
USW00094991,2019-08-24,31,NA,139
USW00094991,2019-08-25,26,NA,161
USW00094991,2019-08-26,24,NA,178
USW00094991,2019-08-27,48,NA,139
USW00094991,2019-08-28,39,NA,139
USW00094991,2019-08-29,37,NA,189
USW00094991,2019-08-30,28,NA,133
USW00094991,2019-08-31,22,NA,133
USW00094991,2019-09-01,13,NA,167
USW00094991,2019-09-02,38,NA,194
USW00094991,2019-09-03,48,NA,194
USW00094991,2019-09-04,22,NA,133
USW00094991,2019-09-05,34,NA,178
USW00094991,2019-09-06,39,NA,167
USW00094991,2019-09-07,24,NA,150
USW00094991,2019-09-08,26,NA,178
USW00094991,2019-09-09,45,NA,206
USW00094991,2019-09-10,42,NA,206
USW00094991,2019-09-11,47,NA,211
USW00094991,2019-09-12,55,NA,206
USW00094991,2019-09-13,51,NA,128
USW00094991,2019-09-14,44,NA,167
USW00094991,2019-09-15,39,NA,206
USW00094991,2019-09-16,25,NA,211
USW00094991,2019-09-17,33,NA,206
USW00094991,2019-09-18,34,NA,211
USW00094991,2019-09-19,35,NA,200
USW00094991,2019-09-20,39,NA,194
USW00094991,2019-09-21,52,NA,206
USW00094991,2019-09-22,24,NA,167
USW00094991,2019-09-23,29,NA,150
USW00094991,2019-09-24,51,NA,172
USW00094991,2019-09-25,41,NA,122
USW00094991,2019-09-26,28,NA,100
USW00094991,2019-09-27,48,NA,172
USW00094991,2019-09-28,47,NA,139
USW00094991,2019-09-29,31,NA,183
USW00094991,2019-09-30,58,NA,206
USW00094991,2019-10-01,48,NA,211
USW00094991,2019-10-02,37,NA,156
USW00094991,2019-10-03,45,NA,78
USW00094991,2019-10-04,29,NA,67
USW00094991,2019-10-05,47,NA,100
USW00094991,2019-10-06,30,NA,72
USW00094991,2019-10-07,32,NA,44
USW00094991,2019-10-08,42,NA,61
USW00094991,2019-10-09,39,NA,89
USW00094991,2019-10-10,54,NA,122
USW00094991,2019-10-11,70,NA,-22
USW00094991,2019-10-12,51,NA,-22
USW00094991,2019-10-13,42,NA,-17
USW00094991,2019-10-14,29,NA,33
USW00094991,2019-10-15,65,NA,39
USW00094991,2019-10-16,38,NA,22
USW00094991,2019-10-17,34,NA,44
USW00094991,2019-10-18,57,NA,67
USW00094991,2019-10-19,30,NA,83
USW00094991,2019-10-20,39,NA,72
USW00094991,2019-10-21,81,NA,72
USW00094991,2019-10-22,82,NA,39
USW00094991,2019-10-23,46,NA,72
USW00094991,2019-10-24,32,NA,44
USW00094991,2019-10-25,13,NA,6
USW00094991,2019-10-26,16,NA,17
USW00094991,2019-10-27,46,NA,56
USW00094991,2019-10-28,40,NA,22
USW00094991,2019-10-29,18,NA,-28
USW00094991,2019-10-30,55,NA,-44
USW00094991,2019-10-31,50,NA,-67
USW00094991,2020-05-01,43,NA,94
USW00094991,2020-05-02,38,NA,100
USW00094991,2020-05-03,28,NA,67
USW00094991,2020-05-04,39,NA,72
USW00094991,2020-05-05,60,NA,67
USW00094991,2020-05-06,27,NA,50
USW00094991,2020-05-07,27,NA,56
USW00094991,2020-05-08,59,NA,0
USW00094991,2020-05-09,50,NA,17
USW00094991,2020-05-10,84,NA,-11
USW00094991,2020-05-11,38,NA,-11
USW00094991,2020-05-12,27,NA,6
USW00094991,2020-05-13,40,NA,83
USW00094991,2020-05-14,45,NA,161
USW00094991,2020-05-15,37,NA,111
USW00094991,2020-05-16,28,NA,144
USW00094991,2020-05-17,81,NA,106
USW00094991,2020-05-18,54,NA,106
USW00094991,2020-05-19,37,NA,111
USW00094991,2020-05-20,32,NA,133
USW00094991,2020-05-21,25,NA,128
USW00094991,2020-05-22,33,NA,150
USW00094991,2020-05-23,34,NA,156
USW00094991,2020-05-24,31,NA,183
USW00094991,2020-05-25,36,NA,189
USW00094991,2020-05-26,43,NA,183
USW00094991,2020-05-27,22,NA,172
USW00094991,2020-05-28,35,NA,161
USW00094991,2020-05-29,36,NA,94
USW00094991,2020-05-30,14,NA,117
USW00094991,2020-05-31,30,NA,122
USW00094991,2020-06-01,66,NA,167
USW00094991,2020-06-02,51,NA,178
USW00094991,2020-06-03,20,NA,206
USW00094991,2020-06-04,37,NA,194
USW00094991,2020-06-05,20,NA,200
USW00094991,2020-06-06,27,NA,211
USW00094991,2020-06-07,47,NA,211
USW00094991,2020-06-08,33,NA,183
USW00094991,2020-06-09,31,NA,200
USW00094991,2020-06-10,58,NA,128
USW00094991,2020-06-11,32,NA,122
USW00094991,2020-06-12,16,NA,133
USW00094991,2020-06-13,26,NA,144
USW00094991,2020-06-14,38,NA,150
USW00094991,2020-06-15,41,NA,172
USW00094991,2020-06-16,38,NA,150
USW00094991,2020-06-17,44,NA,144
USW00094991,2020-06-18,40,NA,172
USW00094991,2020-06-19,20,NA,194
USW00094991,2020-06-20,26,NA,189
USW00094991,2020-06-21,36,NA,189
USW00094991,2020-06-22,37,NA,178
USW00094991,2020-06-23,44,NA,128
USW00094991,2020-06-24,22,NA,128
USW00094991,2020-06-25,36,NA,161
USW00094991,2020-06-26,50,NA,194
USW00094991,2020-06-27,22,NA,189
USW00094991,2020-06-28,39,NA,206
USW00094991,2020-06-29,46,NA,217
USW00094991,2020-06-30,34,NA,217
USW00094991,2020-07-01,24,NA,194
USW00094991,2020-07-02,17,NA,211
USW00094991,2020-07-03,23,NA,206
USW00094991,2020-07-04,16,NA,200
USW00094991,2020-07-05,15,NA,194
USW00094991,2020-07-06,15,NA,211
USW00094991,2020-07-07,24,NA,211
USW00094991,2020-07-08,33,NA,211
USW00094991,2020-07-09,44,NA,183
USW00094991,2020-07-10,19,NA,172
USW00094991,2020-07-11,43,NA,183
USW00094991,2020-07-12,27,NA,167
USW00094991,2020-07-13,38,NA,178
USW00094991,2020-07-14,42,NA,211
USW00094991,2020-07-15,30,NA,194
USW00094991,2020-07-16,15,NA,194
USW00094991,2020-07-17,40,NA,222
USW00094991,2020-07-18,52,NA,233
USW00094991,2020-07-19,27,NA,200
USW00094991,2020-07-20,24,NA,194
USW00094991,2020-07-21,23,NA,200
USW00094991,2020-07-22,18,NA,183
USW00094991,2020-07-23,23,NA,200
USW00094991,2020-07-24,30,NA,217
USW00094991,2020-07-25,38,NA,228
USW00094991,2020-07-26,36,NA,222
USW00094991,2020-07-27,17,NA,200
USW00094991,2020-07-28,28,NA,178
USW00094991,2020-07-29,17,NA,211
USW00094991,2020-07-30,32,NA,206
USW00094991,2020-07-31,30,NA,172
USW00094991,2020-08-01,22,NA,167
USW00094991,2020-08-02,35,NA,167
USW00094991,2020-08-03,38,NA,122
USW00094991,2020-08-04,22,NA,106
USW00094991,2020-08-05,28,NA,128
USW00094991,2020-08-06,34,NA,167
USW00094991,2020-08-07,47,NA,189
USW00094991,2020-08-08,38,NA,206
USW00094991,2020-08-09,44,NA,217
USW00094991,2020-08-10,36,NA,194
USW00094991,2020-08-11,17,NA,178
USW00094991,2020-08-12,25,NA,211
USW00094991,2020-08-13,25,NA,211
USW00094991,2020-08-14,30,NA,206
USW00094991,2020-08-15,32,NA,161
USW00094991,2020-08-16,24,NA,156
USW00094991,2020-08-17,48,NA,144
USW00094991,2020-08-18,32,NA,122
USW00094991,2020-08-19,19,NA,144
USW00094991,2020-08-20,32,NA,144
USW00094991,2020-08-21,29,NA,161
USW00094991,2020-08-22,35,NA,183
USW00094991,2020-08-23,32,NA,189
USW00094991,2020-08-24,30,NA,194
USW00094991,2020-08-25,35,NA,194
USW00094991,2020-08-26,43,NA,189
USW00094991,2020-08-27,36,NA,206
USW00094991,2020-08-28,38,NA,194
USW00094991,2020-08-29,36,NA,133
USW00094991,2020-08-30,27,NA,111
USW00094991,2020-08-31,22,NA,150
USW00094991,2020-09-01,28,NA,156
USW00094991,2020-09-02,30,NA,161
USW00094991,2020-09-03,48,NA,117
USW00094991,2020-09-04,28,NA,94
USW00094991,2020-09-05,30,NA,172
USW00094991,2020-09-06,72,NA,194
USW00094991,2020-09-07,52,NA,111
USW00094991,2020-09-08,76,NA,94
USW00094991,2020-09-09,55,NA,89
USW00094991,2020-09-10,40,NA,100
USW00094991,2020-09-11,18,NA,139
USW00094991,2020-09-12,24,NA,133
USW00094991,2020-09-13,14,NA,128
USW00094991,2020-09-14,15,NA,150
USW00094991,2020-09-15,33,NA,144
USW00094991,2020-09-16,38,NA,144
USW00094991,2020-09-17,33,NA,94
USW00094991,2020-09-18,23,NA,78
USW00094991,2020-09-19,33,NA,78
USW00094991,2020-09-20,38,NA,78
USW00094991,2020-09-21,38,NA,117
USW00094991,2020-09-22,26,NA,128
USW00094991,2020-09-23,26,NA,150
USW00094991,2020-09-24,43,NA,144
USW00094991,2020-09-25,51,NA,161
USW00094991,2020-09-26,56,NA,161
USW00094991,2020-09-27,31,NA,106
USW00094991,2020-09-28,51,NA,72
USW00094991,2020-09-29,41,NA,50
USW00094991,2020-09-30,55,NA,28
USW00094991,2020-10-01,51,NA,17
USW00094991,2020-10-02,16,NA,17
USW00094991,2020-10-03,30,NA,56
USW00094991,2020-10-04,18,NA,39
USW00094991,2020-10-05,57,NA,50
USW00094991,2020-10-06,36,NA,83
USW00094991,2020-10-07,27,NA,89
USW00094991,2020-10-08,33,NA,72
USW00094991,2020-10-09,55,NA,139
USW00094991,2020-10-10,25,NA,156
USW00094991,2020-10-11,52,NA,150
USW00094991,2020-10-12,60,NA,22
USW00094991,2020-10-13,35,NA,22
USW00094991,2020-10-14,59,NA,39
USW00094991,2020-10-15,50,NA,-44
USW00094991,2020-10-16,47,NA,-39
USW00094991,2020-10-17,62,NA,6
USW00094991,2020-10-18,51,NA,-22
USW00094991,2020-10-19,35,NA,-28
USW00094991,2020-10-20,30,NA,28
USW00094991,2020-10-21,21,NA,44
USW00094991,2020-10-22,59,NA,106
USW00094991,2020-10-23,69,NA,-6
USW00094991,2020-10-24,31,NA,-28
USW00094991,2020-10-25,54,NA,-22
USW00094991,2020-10-26,47,NA,-61
USW00094991,2020-10-27,19,NA,-83
USW00094991,2020-10-28,32,NA,-39
USW00094991,2020-10-29,56,NA,-17
USW00094991,2020-10-30,27,NA,-17
USW00094991,2020-10-31,66,NA,17
USW00094991,2021-05-01,77,NA,78
USW00094991,2021-05-02,60,NA,133
USW00094991,2021-05-03,49,NA,122
USW00094991,2021-05-04,58,NA,0
USW00094991,2021-05-05,27,NA,-11
USW00094991,2021-05-06,56,NA,17
USW00094991,2021-05-07,42,NA,11
USW00094991,2021-05-08,57,NA,11
USW00094991,2021-05-09,45,NA,33
USW00094991,2021-05-10,29,NA,39
USW00094991,2021-05-11,33,NA,22
USW00094991,2021-05-12,22,NA,0
USW00094991,2021-05-13,28,NA,-11
USW00094991,2021-05-14,37,NA,50
USW00094991,2021-05-15,32,NA,117
USW00094991,2021-05-16,24,NA,122
USW00094991,2021-05-17,34,NA,144
USW00094991,2021-05-18,26,NA,167
USW00094991,2021-05-19,48,NA,172
USW00094991,2021-05-20,44,NA,178
USW00094991,2021-05-21,53,NA,178
USW00094991,2021-05-22,38,NA,178
USW00094991,2021-05-23,40,NA,178
USW00094991,2021-05-24,34,NA,167
USW00094991,2021-05-25,51,NA,178
USW00094991,2021-05-26,14,NA,133
USW00094991,2021-05-27,51,NA,150
USW00094991,2021-05-28,55,NA,56
USW00094991,2021-05-29,20,NA,44
USW00094991,2021-05-30,21,NA,72
USW00094991,2021-05-31,17,NA,111
USW00094991,2021-06-01,13,NA,117
USW00094991,2021-06-02,16,NA,117
USW00094991,2021-06-03,32,NA,111
USW00094991,2021-06-04,41,NA,128
USW00094991,2021-06-05,50,NA,156
USW00094991,2021-06-06,43,NA,178
USW00094991,2021-06-07,34,NA,178
USW00094991,2021-06-08,23,NA,189
USW00094991,2021-06-09,22,NA,189
USW00094991,2021-06-10,28,NA,189
USW00094991,2021-06-11,42,NA,189
USW00094991,2021-06-12,43,NA,139
USW00094991,2021-06-13,27,NA,117
USW00094991,2021-06-14,30,NA,144
USW00094991,2021-06-15,22,NA,117
USW00094991,2021-06-16,35,NA,144
USW00094991,2021-06-17,50,NA,183
USW00094991,2021-06-18,45,NA,200
USW00094991,2021-06-19,57,NA,183
USW00094991,2021-06-20,88,NA,189
USW00094991,2021-06-21,95,NA,83
USW00094991,2021-06-22,102,NA,117
USW00094991,2021-06-23,75,NA,161
USW00094991,2021-06-24,47,NA,200
USW00094991,2021-06-25,28,NA,200
USW00094991,2021-06-26,47,NA,189
USW00094991,2021-06-27,19,NA,172
USW00094991,2021-06-28,13,NA,189
USW00094991,2021-06-29,26,NA,200
USW00094991,2021-06-30,17,NA,206
USW00094991,2021-07-01,31,NA,183
USW00094991,2021-07-02,24,NA,183
USW00094991,2021-07-03,17,NA,178
USW00094991,2021-07-04,32,NA,189
USW00094991,2021-07-05,33,NA,189
USW00094991,2021-07-06,31,NA,183
USW00094991,2021-07-07,32,NA,189
USW00094991,2021-07-08,23,NA,156
USW00094991,2021-07-09,36,NA,200
USW00094991,2021-07-10,27,NA,178
USW00094991,2021-07-11,43,NA,167
USW00094991,2021-07-12,22,NA,167
USW00094991,2021-07-13,27,NA,178
USW00094991,2021-07-14,50,NA,206
USW00094991,2021-07-15,22,NA,206
USW00094991,2021-07-16,19,NA,189
USW00094991,2021-07-17,18,NA,178
USW00094991,2021-07-18,22,NA,172
USW00094991,2021-07-19,17,NA,183
USW00094991,2021-07-20,12,NA,183
USW00094991,2021-07-21,16,NA,178
USW00094991,2021-07-22,34,NA,194
USW00094991,2021-07-23,38,NA,206
USW00094991,2021-07-24,40,NA,228
USW00094991,2021-07-25,8,NA,200
USW00094991,2021-07-26,16,NA,183
USW00094991,2021-07-27,30,NA,200
USW00094991,2021-07-28,28,NA,222
USW00094991,2021-07-29,36,NA,233
USW00094991,2021-07-30,27,NA,211
USW00094991,2021-07-31,30,NA,194
USW00094991,2021-08-01,41,NA,156
USW00094991,2021-08-02,15,NA,139
USW00094991,2021-08-03,7,NA,139
USW00094991,2021-08-04,25,NA,150
USW00094991,2021-08-05,39,NA,183
USW00094991,2021-08-06,34,NA,200
USW00094991,2021-08-07,46,NA,211
USW00094991,2021-08-08,38,NA,200
USW00094991,2021-08-09,35,NA,233
USW00094991,2021-08-10,45,NA,233
USW00094991,2021-08-11,44,NA,233
USW00094991,2021-08-12,26,NA,217
USW00094991,2021-08-13,20,NA,161
USW00094991,2021-08-14,15,NA,133
USW00094991,2021-08-15,16,NA,144
USW00094991,2021-08-16,25,NA,156
USW00094991,2021-08-17,26,NA,178
USW00094991,2021-08-18,30,NA,194
USW00094991,2021-08-19,25,NA,200
USW00094991,2021-08-20,42,NA,211
USW00094991,2021-08-21,40,NA,161
USW00094991,2021-08-22,30,NA,156
USW00094991,2021-08-23,39,NA,217
USW00094991,2021-08-24,48,NA,217
USW00094991,2021-08-25,22,NA,211
USW00094991,2021-08-26,30,NA,222
USW00094991,2021-08-28,49,NA,206
USW00094991,2021-08-29,24,NA,189
USW00094991,2021-08-30,21,NA,189
USW00094991,2021-08-31,37,NA,172
USW00094991,2021-09-01,26,NA,156
USW00094991,2021-09-02,36,NA,150
USW00094991,2021-09-03,35,NA,183
USW00094991,2021-09-04,28,NA,167
USW00094991,2021-09-05,36,NA,156
USW00094991,2021-09-06,41,NA,172
USW00094991,2021-09-07,47,NA,161
USW00094991,2021-09-08,47,NA,100
USW00094991,2021-09-09,12,NA,122
USW00094991,2021-09-10,28,NA,156
USW00094991,2021-09-11,43,NA,178
USW00094991,2021-09-12,34,NA,178
USW00094991,2021-09-13,46,NA,178
USW00094991,2021-09-14,34,NA,161
USW00094991,2021-09-15,19,NA,128
USW00094991,2021-09-16,39,NA,150
USW00094991,2021-09-17,36,NA,156
USW00094991,2021-09-18,26,NA,156
USW00094991,2021-09-19,39,NA,172
USW00094991,2021-09-20,52,NA,172
USW00094991,2021-09-21,45,NA,83
USW00094991,2021-09-22,29,NA,61
USW00094991,2021-09-23,18,NA,67
USW00094991,2021-09-24,44,NA,100
USW00094991,2021-09-25,38,NA,61
USW00094991,2021-09-26,53,NA,106
USW00094991,2021-09-27,45,NA,111
USW00094991,2021-09-28,23,NA,139
USW00094991,2021-09-29,27,NA,161
USW00094991,2021-09-30,25,NA,183
USW00094991,2021-10-01,25,NA,178
USW00094991,2021-10-02,27,NA,150
USW00094991,2021-10-03,36,NA,122
USW00094991,2021-10-04,32,NA,89
USW00094991,2021-10-05,21,NA,133
USW00094991,2021-10-06,22,NA,156
USW00094991,2021-10-07,12,NA,150
USW00094991,2021-10-08,26,NA,144
USW00094991,2021-10-09,34,NA,156
USW00094991,2021-10-10,29,NA,139
USW00094991,2021-10-11,49,NA,100
USW00094991,2021-10-12,21,NA,83
USW00094991,2021-10-13,60,NA,106
USW00094991,2021-10-14,21,NA,50
USW00094991,2021-10-15,44,NA,28
USW00094991,2021-10-16,44,NA,0
USW00094991,2021-10-17,33,NA,22
USW00094991,2021-10-18,38,NA,56
USW00094991,2021-10-19,50,NA,83
USW00094991,2021-10-20,61,NA,83
USW00094991,2021-10-21,55,NA,39
USW00094991,2021-10-22,17,NA,22
USW00094991,2021-10-23,36,NA,28
USW00094991,2021-10-24,55,NA,72
USW00094991,2021-10-25,35,NA,39
USW00094991,2021-10-26,44,NA,39
USW00094991,2021-10-27,36,NA,78
USW00094991,2021-10-28,67,NA,61
USW00094991,2021-10-29,69,NA,61
USW00094991,2021-10-30,28,NA,39
USW00094991,2021-10-31,55,NA,0
